<?xml version="1.0" encoding="UTF-8" standalone="yes"?>
<Atoms>
	<Atom id="H" name="Hydrogène" atomiqNumber="1" class="NonMetaux" color="#FFFFFF" size="25"/>
	<Atom id="He" name="Hélium" atomiqNumber="2" class="NonMetaux" color="#D9FFFF" size="128"/>
	<Atom id="Li" name="Lithium" atomiqNumber="3" class="NonMetaux" color="#CC80FF" size="145"/>
	<Atom id="Be" name="Bérylium" atomiqNumber="4" class="NonMetaux" color="#C2FF00" size="112"/>
	<Atom id="B" name="Bore" atomiqNumber="5" class="NonMetaux" color="#FFB5B5" size="85"/>
	<Atom id="C" name="Carbone" atomiqNumber="6" class="NonMetaux" color="#909090" size="70"/>
	<Atom id="N" name="Azote" atomiqNumber="7" class="NonMetaux" color="#3050F8" size="65"/>
	<Atom id="O" name="Oxygène" atomiqNumber="8" class="NonMetaux" color="#FF0D0D" size="60"/>
	<Atom id="F" name="Fluor" atomiqNumber="9" class="NonMetaux" color="#9E0051" size="50"/>
	<Atom id="Ne" name="Neon" atomiqNumber="10" class="NonMetaux" color="#B3E3F5" size="50"/>
	<Atom id="Na" name="Sodium" atomiqNumber="11" class="NonMetaux" color="#AB5CF2" size="180"/>
	<Atom id="Mg" name="Magnesium" atomiqNumber="12" class="NonMetaux" color="#8AFF00" size="150"/>
	<Atom id="Al" name="Aluminium" atomiqNumber="13" class="NonMetaux" color="#BFA6A6" size="125"/>
	<Atom id="Si" name="Silicium" atomiqNumber="14" class="NonMetaux" color="#F0C8A0" size="110"/>
	<Atom id="P" name="Phosphore" atomiqNumber="15" class="NonMetaux" color="#FF8000" size="100"/>
	<Atom id="S" name="Souffre" atomiqNumber="16" class="NonMetaux" color="#FFFF30" size="100"/>
	<Atom id="Cl" name="Chlore" atomiqNumber="17" class="NonMetaux" color="#1FF01F" size="100"/>
	<Atom id="Ar" name="Argon" atomiqNumber="18" class="NonMetaux" color="#80D1E3" size="50"/>
	<Atom id="K" name="Potassium" atomiqNumber="19" class="NonMetaux" color="#8F40D4" size="220"/>
	<Atom id="Ca" name="Calcium" atomiqNumber="20" class="NonMetaux" color="#3DFF00" size="180"/>
	<Atom id="Sc" name="Scandium" atomiqNumber="21" class="NonMetaux" color="#E6E6E6" size="160"/>
	<Atom id="Ti" name="Titane" atomiqNumber="22" class="NonMetaux" color="#BFC2C7" size="140"/>
	<Atom id="V" name="Vanadium" atomiqNumber="23" class="NonMetaux" color="#A6A6AB" size="135"/>
	<Atom id="Cr" name="Chrome" atomiqNumber="24" class="NonMetaux" color="#8A99C7" size="140"/>
	<Atom id="Mn" name="Manganèse" atomiqNumber="25" class="NonMetaux" color="#9C7AC7" size="140"/>
	<Atom id="Fe" name="Fer" atomiqNumber="26" class="NonMetaux" color="#E06633" size="140"/>
	<Atom id="Co" name="Cobalt" atomiqNumber="27" class="NonMetaux" color="#F090A0" size="135"/>
	<Atom id="Ni" name="Nickel" atomiqNumber="28" class="NonMetaux" color="#50D050" size="135"/>
	<Atom id="Cu" name="Cuivre" atomiqNumber="29" class="NonMetaux" color="#C88033" size="135"/>
	<Atom id="Zn" name="Zinc" atomiqNumber="30" class="NonMetaux" color="#7D80B0" size="135"/>
	<Atom id="Ga" name="Gallium" atomiqNumber="31" class="NonMetaux" color="#C28F8F" size="130"/>
	<Atom id="Ge" name="Germanium" atomiqNumber="32" class="NonMetaux" color="#668F8F" size="125"/>
	<Atom id="As" name="Arsenic" atomiqNumber="33" class="NonMetaux" color="#BD80E3" size="115"/>
	<Atom id="Se" name="Krypton" atomiqNumber="34" class="NonMetaux" color="#FFA100" size="115"/>
	<Atom id="Br" name="Rubidium" atomiqNumber="35" class="NonMetaux" color="#A62929" size="115"/>
	<Atom id="Kr" name="Strontium" atomiqNumber="36" class="NonMetaux" color="#5CB8D1" size="50"/>
	<Atom id="Rb" name="Yttrium" atomiqNumber="37" class="NonMetaux" color="#702EB0" size="235"/>
	<Atom id="Sr" name="Zirconium" atomiqNumber="38" class="NonMetaux" color="#00FF00" size="200"/>
	<Atom id="Y" name="Niobium" atomiqNumber="39" class="NonMetaux" color="#94FFFF" size="180"/>
	<Atom id="Zr" name="Molybdène" atomiqNumber="40" class="NonMetaux" color="#94E0E0" size="155"/>
	<Atom id="Nb" name="Technétium" atomiqNumber="41" class="NonMetaux" color="#73C2C9" size="145"/>
	<Atom id="Mo" name="Ruthénium" atomiqNumber="42" class="NonMetaux" color="#54B5B5" size="145"/>
	<Atom id="Tc" name="Rhodium" atomiqNumber="43" class="NonMetaux" color="#3B9E9E" size="135"/>
	<Atom id="Ru" name="Palladium" atomiqNumber="44" class="NonMetaux" color="#248F8F" size="130"/>
	<Atom id="Rh" name="Argent" atomiqNumber="45" class="NonMetaux" color="#0A7D8C" size="135"/>
	<Atom id="Pd" name="Cadmium" atomiqNumber="46" class="NonMetaux" color="#6985" size="140"/>
	<Atom id="Ag" name="Indium" atomiqNumber="47" class="NonMetaux" color="#C0C0C0" size="160"/>
	<Atom id="Cd" name="Étain" atomiqNumber="48" class="NonMetaux" color="#FFD98F" size="155"/>
	<Atom id="In" name="Antimoine" atomiqNumber="49" class="NonMetaux" color="#A67573" size="155"/>
	<Atom id="Sn" name="Tellure" atomiqNumber="50" class="NonMetaux" color="#668080" size="145"/>
	<Atom id="Sb" name="Iode" atomiqNumber="51" class="NonMetaux" color="#9E63B5" size="145"/>
	<Atom id="Te" name="Xénon" atomiqNumber="52" class="NonMetaux" color="#D47A00" size="140"/>
	<Atom id="I" name="Césium" atomiqNumber="53" class="NonMetaux" color="#940094" size="140"/>
	<Atom id="Xe" name="Baryum" atomiqNumber="54" class="NonMetaux" color="#429EB0" size="50"/>
	<Atom id="Cs" name="Lanthane" atomiqNumber="55" class="NonMetaux" color="#57178F" size="260"/>
	<Atom id="Ba" name="Cérium" atomiqNumber="56" class="NonMetaux" color="#00C900" size="215"/>
	<Atom id="La" name="Praséodyme" atomiqNumber="57" class="NonMetaux" color="#70D4FF" size="195"/>
	<Atom id="Ce" name="Néodyme" atomiqNumber="58" class="NonMetaux" color="#FFFFC7" size="185"/>
	<Atom id="Pr" name="Prométhium" atomiqNumber="59" class="NonMetaux" color="#D9FFC7" size="185"/>
	<Atom id="Nd" name="Samarium" atomiqNumber="60" class="NonMetaux" color="#C7FFC7" size="185"/>
	<Atom id="Pm" name="Europium" atomiqNumber="61" class="NonMetaux" color="#A3FFC7" size="185"/>
	<Atom id="Sm" name="Gadolinium" atomiqNumber="62" class="NonMetaux" color="#8FFFC7" size="185"/>
	<Atom id="Eu" name="Terbium" atomiqNumber="63" class="NonMetaux" color="#61FFC7" size="185"/>
	<Atom id="Gd" name="Dysprosium" atomiqNumber="64" class="NonMetaux" color="#45FFC7" size="180"/>
	<Atom id="Tb" name="Holmium" atomiqNumber="65" class="NonMetaux" color="#30FFC7" size="175"/>
	<Atom id="Dy" name="Erbium" atomiqNumber="66" class="NonMetaux" color="#1FFFC7" size="175"/>
	<Atom id="Ho" name="Thulium" atomiqNumber="67" class="NonMetaux" color="#00FF9C" size="175"/>
	<Atom id="Er" name="Ytterbium" atomiqNumber="68" class="NonMetaux" color="#00E675" size="175"/>
	<Atom id="Tm" name="Lutécium" atomiqNumber="69" class="NonMetaux" color="#00D452" size="175"/>
	<Atom id="Yb" name="Hafnium" atomiqNumber="70" class="NonMetaux" color="#00BF38" size="175"/>
	<Atom id="Lu" name="Tantale" atomiqNumber="71" class="NonMetaux" color="#00AB24" size="175"/>
	<Atom id="Hf" name="Tungstène" atomiqNumber="72" class="NonMetaux" color="#4DC2FF" size="155"/>
	<Atom id="Ta" name="Rhénium" atomiqNumber="73" class="NonMetaux" color="#4DA6FF" size="145"/>
	<Atom id="W" name="Osmium" atomiqNumber="74" class="NonMetaux" color="#2194D6" size="135"/>
	<Atom id="Re" name="Iridium" atomiqNumber="75" class="NonMetaux" color="#267DAB" size="135"/>
	<Atom id="Os" name="Platine" atomiqNumber="76" class="NonMetaux" color="#266696" size="130"/>
	<Atom id="Ir" name="Or" atomiqNumber="77" class="NonMetaux" color="#175487" size="135"/>
	<Atom id="Pt" name="Mercure" atomiqNumber="78" class="NonMetaux" color="#D0D0E0" size="135"/>
	<Atom id="Au" name="Thallium" atomiqNumber="79" class="NonMetaux" color="#FFD123" size="135"/>
	<Atom id="Hg" name="Plomb" atomiqNumber="80" class="NonMetaux" color="#B8B8D0" size="150"/>
	<Atom id="Tl" name="Bismuth" atomiqNumber="81" class="NonMetaux" color="#A6544D" size="190"/>
	<Atom id="Pb" name="Polonium" atomiqNumber="82" class="NonMetaux" color="#575961" size="180"/>
	<Atom id="Bi" name="Astate" atomiqNumber="83" class="NonMetaux" color="#9E4FB5" size="160"/>
	<Atom id="Po" name="Radon" atomiqNumber="84" class="NonMetaux" color="#AB5C00" size="190"/>
	<Atom id="At" name="Francium" atomiqNumber="85" class="NonMetaux" color="#754F45" size="50"/>
	<Atom id="Rn" name="Radium" atomiqNumber="86" class="NonMetaux" color="#428296" size="50"/>
	<Atom id="Fr" name="Actinium" atomiqNumber="87" class="NonMetaux" color="#420066" size="50"/>
	<Atom id="Ra" name="Thorium" atomiqNumber="88" class="NonMetaux" color="#007D00" size="215"/>
	<Atom id="Ac" name="Protactinium" atomiqNumber="89" class="NonMetaux" color="#70ABFA" size="195"/>
	<Atom id="Th" name="Uranium" atomiqNumber="90" class="NonMetaux" color="#00BAFF" size="180"/>
	<Atom id="Pa" name="Neptunium" atomiqNumber="91" class="NonMetaux" color="#00A1FF" size="180"/>
	<Atom id="U" name="Plutonium" atomiqNumber="92" class="NonMetaux" color="#008FFF" size="175"/>
	<Atom id="Np" name="Américium" atomiqNumber="93" class="NonMetaux" color="#0080FF" size="175"/>
	<Atom id="Pu" name="Curium" atomiqNumber="94" class="NonMetaux" color="#006BFF" size="175"/>
	<Atom id="Am" name="Berkélium" atomiqNumber="95" class="NonMetaux" color="#545CF2" size="175"/>
	<Atom id="Cm" name="Californium" atomiqNumber="96" class="NonMetaux" color="#785CE3" size="50"/>
	<Atom id="Bk" name="Einsteinium" atomiqNumber="97" class="NonMetaux" color="#8A4FE3" size="50"/>
	<Atom id="Cf" name="Fermium" atomiqNumber="98" class="NonMetaux" color="#A136D4" size="50"/>
	<Atom id="Es" name="Mendélévium" atomiqNumber="99" class="NonMetaux" color="#B31FD4" size="50"/>
	<Atom id="Fm" name="Nobélium" atomiqNumber="100" class="NonMetaux" color="#B31FBA" size="50"/>
	<Atom id="Md" name="Lawrencium" atomiqNumber="101" class="NonMetaux" color="#B30DA6" size="50"/>
	<Atom id="No" name="Rutherfordium" atomiqNumber="102" class="NonMetaux" color="#BD0D87" size="50"/>
	<Atom id="Lr" name="Dubnium" atomiqNumber="103" class="NonMetaux" color="#C70066" size="50"/>
	<Atom id="Rf" name="Seaborgium" atomiqNumber="104" class="NonMetaux" color="#CC0059" size="50"/>
	<Atom id="Db" name="Bohrium" atomiqNumber="105" class="NonMetaux" color="#D1004F" size="50"/>
	<Atom id="Sg" name="Hassium" atomiqNumber="106" class="NonMetaux" color="#D90045" size="50"/>
	<Atom id="Bh" name="Meitnérium" atomiqNumber="107" class="NonMetaux" color="#E00038" size="50"/>
	<Atom id="Hs" name="Darmstadtium" atomiqNumber="108" class="NonMetaux" color="#E6002E" size="50"/>
	<Atom id="Mt" name="Roentgenium" atomiqNumber="109" class="NonMetaux" color="#EB0026" size="50"/>
	<Atom id="Ds" name="Ununbium" atomiqNumber="110" class="NonMetaux" color="#000000" size="50"/>
	<Atom id="Rg" name="Ununtrium" atomiqNumber="111" class="NonMetaux" color="#000000" size="50"/>
	<Atom id="Cn" name="Ununquadium" atomiqNumber="112" class="NonMetaux" color="#000000" size="50"/>
</Atoms>