﻿<?xml version="1.0" encoding="utf-8" ?>
<Exercices>
  <Exercise id="3001" type="Design" text="Modéliser une molécule d'eau :" moleculeID="01" levelRequired="01" xp="20" theme="Eau"/>
  <Exercise id="3002" type="Design" text="Modéliser une molécule de methane :" moleculeID="11" levelRequired="02" xp="40" theme="Methane"/>
  <Exercise id="3003" type="Design" text="Modéliser une molécule d'ethene :" moleculeID="07" levelRequired="03" xp="80" theme="Ethene"/>
  <Exercise id="3004" type="Design" text="Modéliser une molécule de methanol :" moleculeID="05" levelRequired="04" xp="100" theme="Methanol"/>
  <Exercise id="3005" type="Design" text="Modéliser une molécule d'ethane :" moleculeID="10" levelRequired="05" xp="120" theme="Ethane"/>
  <Exercise id="3006" type="Design" text="Modéliser une molécule d'acide acetique :" moleculeID="22" levelRequired="06" xp="150" theme="Acide acetique"/>
  <Exercise id="3007" type="Design" text="Modéliser une molécule d'acetamide :" moleculeID="03" levelRequired="07" xp="180" theme="Acetamide"/>
  <Exercise id="3008" type="Design" text="Modéliser une molécule d'ethanol :" moleculeID="04" levelRequired="08" xp="220" theme="Ethanol"/>
  <Exercise id="3009" type="Design" text="Modéliser une molécule de la methanamine :" moleculeID="17" levelRequired="09" xp="270" theme="Methanamine"/>
  <Exercise id="3010" type="Design" text="Modéliser une molécule du propan-1-ol :" moleculeID="08" levelRequired="10" xp="320" theme="Propan-1-ol"/>
  <Exercise id="3011" type="Design" text="Modéliser une molécule du benzene :" moleculeID="18" levelRequired="11" xp="380" theme="Benzene"/>
  <Exercise id="3012" type="Design" text="Modéliser une molécule de cyclobutane :" moleculeID="25" levelRequired="12" xp="460" theme="Cyclobutane"/>
  <Exercise id="3013" type="Design" text="Modéliser une molécule du toluene :" moleculeID="21" levelRequired="13" xp="550" theme="Toluene"/>
</Exercices>