﻿<?xml version="1.0" encoding="utf-8" ?>
<Exercices>
  <Exercise id="2001" type="Formula" text="Donner la formule d'acetylene :" moleculeID="14" levelRequired="00" xp="20" theme="Acetylene"/>
  <Exercise id="2002" type="Formula" text="Donner la formule d'ammonia :" moleculeID="15" levelRequired="01" xp="40" theme="Ammonia"/>
  <Exercise id="2003" type="Formula" text="Donner la formule d'acetone :" moleculeID="27" levelRequired="02" xp="60" theme="Acetone"/>
  <Exercise id="2004" type="Formula" text="Donner la formule de propane :" moleculeID="06" levelRequired="03" xp="80" theme="Propane"/>
  <Exercise id="2005" type="Formula" text="Donner la formule du but-1-ene :" moleculeID="13" levelRequired="04" xp="100" theme="But-1-ene"/>
  <Exercise id="2006" type="Formula" text="Donner la formule du propan-2-ol :" moleculeID="09" levelRequired="05" xp="120" theme="Propan-2-ol"/>
  <Exercise id="2007" type="Formula" text="Donner la formule du phenol :" moleculeID="20" levelRequired="07" xp="140" theme="Phenol"/>
  <Exercise id="2008" type="Formula" text="Donner la formule d'acide butanoique :" moleculeID="23" levelRequired="08" xp="160" theme="Acide butanoique"/>
  <Exercise id="2009" type="Formula" text="Donner la formule du 2-methylpropane :" moleculeID="12" levelRequired="09" xp="180" theme="2-Methylpropane"/>
  <Exercise id="2010" type="Formula" text="Donner la formule de l'ethanamine :" moleculeID="16" levelRequired="10" xp="200" theme="Ethanamine"/>
  <Exercise id="2011" type="Formula" text="Donner la formule de cyclohexane :" moleculeID="26" levelRequired="11" xp="240" theme="Cyclohexane"/>
  <Exercise id="2012" type="Formula" text="Donner la formule d'acide citrique :" moleculeID="24" levelRequired="13" xp="280" theme="Acide citrique"/>
  <Exercise id="2013" type="Formula" text="Donner la formule du glucose :" moleculeID="02" levelRequired="15" xp="320" theme="Glucose"/> 
  <Exercise id="2014" type="Formula" text="Donner la formule de la caffeine :" moleculeID="19" levelRequired="16" xp="400" theme="Caffeine"/>
  <Exercise id="2014" type="Formula" text="Donner la formule du cholesterol :" moleculeID="28" levelRequired="18" xp="650" theme="Cholesterol"/>
</Exercices>