<?xml version="1.0" encoding="utf-8" ?>
<Levels>
	<Level number="00" expRequiered="00"/>
	<Level number="01" expRequiered="20"/>
	<Level number="02" expRequiered="110"/>
	<Level number="03" expRequiered="250"/>
	<Level number="04" expRequiered="450"/>
	<Level number="05" expRequiered="740"/>
	<Level number="06" expRequiered="1050"/>
	<Level number="07" expRequiered="1470"/>
	<Level number="08" expRequiered="1970"/>
	<Level number="09" expRequiered="2610"/>
	<Level number="10" expRequiered="3320"/>
	<Level number="11" expRequiered="4190"/>
	<Level number="12" expRequiered="5170"/>
	<Level number="13" expRequiered="6270"/>
	<Level number="14" expRequiered="7400"/>
	<Level number="15" expRequiered="8660"/>
	<Level number="16" expRequiered="9850"/>
	<Level number="17" expRequiered="11040"/>
	<Level number="18" expRequiered="12220"/>
	<Level number="19" expRequiered="13400"/>
	<Level number="20" expRequiered="14630"/>
</Levels>