﻿<?xml version="1.0" encoding="utf-8" ?>
<Molecules>
  <Molecule id ="01" name="Eau" Formula="H2O" Infos="L’eau est un composé chimique ubiquitaire sur la Terre, essentiel pour tous les organismes vivants connus. L’eau se trouve en général dans son état liquide et possède à température ambiante des propriétés uniques : c’est notamment un solvant efficace pour la plupart des corps solides trouvés sur Terre — l’eau est quelque fois désignée sous le nom de « solvant universel ».">
    <Atoms>
      <Atom id ="001" type ="H" atomiqNumber="1" x3="0,631087" y3="-0,026505" z3="0,474853"/>
      <Atom id ="002" type ="H" atomiqNumber="1" x3="-0,779012" y3="-0,003476" z3="-0,132663"/>
      <Atom id ="003" type ="O" atomiqNumber="8" x3="0,147925" y3="0,029981" z3="-0,342190"/>
    </Atoms>
    <Links>
      <Link id="0001" left="001" right="003" valency="1"/>
      <Link id="0002" left="002" right="003" valency="1"/>
    </Links>  
</Molecule>
<Molecule id ="02" name="Glucose" Formula="C6H12O6" Infos="Le glucose est un aldohexose, principal représentant des oses (sucres). Par convention, il est symbolisé par Glc. Il est directement assimilable par l’organisme. Il se présente sous forme d’une poudre blanche, d’une saveur sucrée caramélisant à partir de 150 °C. Il est soluble dans l’eau, l’éthanol et la pyridine mais insoluble dans l’éther diéthylique et les solvants organiques." >
    <Atoms>
      <Atom id ="001" type ="C" atomiqNumber="6" x3="2,799855" y3="-0,933796" z3="-0,239061"/>
      <Atom id ="002" type ="C" atomiqNumber="6" x3="1,710268" y3="0,161754" z3="-0,150358"/>
      <Atom id ="003" type ="C" atomiqNumber="6" x3="0,309018" y3="-0,497464" z3="0,016816"/>
      <Atom id ="004" type ="C" atomiqNumber="6" x3="-0,857744" y3="0,522045" z3="-0,154168"/>
      <Atom id ="005" type ="C" atomiqNumber="6" x3="-2,228929" y3="-0,212053" z3="-0,053593"/>
	    <Atom id ="006" type ="C" atomiqNumber="6" x3="-3,364310" y3="0,757500" z3="-0,376446"/>
      <Atom id ="007" type ="O" atomiqNumber="8" x3="4,096352" y3="-0,409379" z3="-0,177729"/>
      <Atom id ="008" type ="O" atomiqNumber="8" x3="1,778799" y3="0,892118" z3="-1,360240"/>
      <Atom id ="009" type ="O" atomiqNumber="8" x3="0,293412" y3="-1,075581" z3="1,305600"/>
      <Atom id ="010" type ="O" atomiqNumber="8" x3="-2,360241" y3="-0,894911" z3="1,172877"/>
      <Atom id ="011" type ="O" atomiqNumber="8" x3="-4,242376" y3="1,026331" z3="0,407067"/>
	    <Atom id ="012" type ="H" atomiqNumber="1" x3="2,668504" y3="-1,550978" z3="-1,149833"/>
      <Atom id ="013" type ="H" atomiqNumber="1" x3="2,755677" y3="-1,601512" z3="0,638990"/>
      <Atom id ="014" type ="H" atomiqNumber="1" x3="1,917904" y3="0,839272" z3="0,714049"/>
      <Atom id ="015" type ="H" atomiqNumber="1" x3="0,183248" y3="-1,300275" z3="-0,751813"/>
      <Atom id ="016" type ="O" atomiqNumber="8" x3="-0,780786" y3="1,609279" z3="0,732085"/>
      <Atom id ="017" type ="H" atomiqNumber="1" x3="-2,254772" y3="-1,047337" z3="-0,793043"/>
	    <Atom id ="018" type ="H" atomiqNumber="1" x3="-3,339571" y3="1,208534" z3="-1,380940"/>
	    <Atom id ="019" type ="H" atomiqNumber="1" x3="4,212602" y3="0,151252" z3="-0,934990"/>
      <Atom id ="020" type ="H" atomiqNumber="1" x3="1,422529" y3="1,750316" z3="-1,173903"/>
      <Atom id ="021" type ="H" atomiqNumber="1" x3="-0,601534" y3="-1,388059" z3="1,449019"/>
      <Atom id ="022" type ="H" atomiqNumber="1" x3="-2,723212" y3="-0,291057" z3="1,811688"/>
      <Atom id ="023" type ="H" atomiqNumber="1" x3="-0,799610" y3="1,018326" z3="-1,150651"/>
	    <Atom id ="024" type ="H" atomiqNumber="1" x3="-0,595084" y3="1,265675" z3="1,598577"/>
    </Atoms>
    <Links>
      <Link id="0001" left="001" right="002" valency="1"/>
      <Link id="0002" left="002" right="003" valency="1"/>
      <Link id="0003" left="003" right="004" valency="1"/>
      <Link id="0004" left="004" right="005" valency="1"/>
	    <Link id="0005" left="005" right="006" valency="1"/>
	    <Link id="0006" left="001" right="007" valency="1"/>
	    <Link id="0007" left="002" right="008" valency="1"/>
	    <Link id="0008" left="003" right="009" valency="1"/>
	    <Link id="0009" left="005" right="010" valency="1"/>
	    <Link id="0010" left="006" right="011" valency="2"/>
	    <Link id="0011" left="001" right="012" valency="1"/>
	    <Link id="0012" left="001" right="013" valency="1"/>
	    <Link id="0013" left="002" right="014" valency="1"/>
	    <Link id="0014" left="003" right="015" valency="1"/>
	    <Link id="0015" left="004" right="016" valency="1"/>
	    <Link id="0016" left="005" right="017" valency="1"/>
	    <Link id="0017" left="006" right="018" valency="1"/>
	    <Link id="0018" left="007" right="019" valency="1"/>
	    <Link id="0019" left="008" right="020" valency="1"/>
	    <Link id="0020" left="009" right="021" valency="1"/>
	    <Link id="0021" left="010" right="022" valency="1"/>
	    <Link id="0022" left="004" right="023" valency="1"/>
	    <Link id="0023" left="016" right="024" valency="1"/>
    </Links>
  </Molecule>
  <Molecule id ="03" name="Acetamide" Formul00="C2H5NO" Infos="Composé organique, de couleur grise à incolore. Découverte comme minéral10 en 1975 à Chervonograd, L’viv-Volynskii (Ukraine).L’acétamide (ou amide de l’acide acétique ou éthanamideacide), est un corps blanc, cristallin et solide dans sa forme pure. Il est produit en déshydratant l’acétate d’ammonium. L’acétamide n’est pas extrêmement combustible, mais il produit des vapeurs irritantes quand il est enflammé. Il est toxique par inhalation (de poussière), par ingestion, irritant pour la peau et les yeux.">
    <Atoms>
      <Atom id="001" type="C" AtomiqNumber="6" x3="1,119876" y3="-0,113564" z3="-0,048934"/>
      <Atom id="002" type="C" AtomiqNumber="6" x3="-0,221489" y3="0,537421" z3="0,153904"/>
      <Atom id="003" type="N" AtomiqNumber="7" x3="-1,367026" y3="-0,236934" z3="-0,045703"/>
      <Atom id="004" type="O" AtomiqNumber="8" x3="-0,395826" y3="1,705369" z3="0,483916"/>
      <Atom id="005" type="H" AtomiqNumber="1" x3="1,938133" y3="0,594584" z3="0,137095"/>
      <Atom id="006" type="H" AtomiqNumber="1" x3="1,231877" y3="-0,484570" z3="-1,076445"/>
      <Atom id="007" type="H" AtomiqNumber="1" x3="1,257953" y3="-0,963725" z3="0,632390"/>
      <Atom id="008" type="H" AtomiqNumber="1" x3="-2,272053" y3="0,148085" z3="0,076222"/>
      <Atom id="009" type="H" AtomiqNumber="1" x3="-1,291446" y3="-1,186666" z3="-0,312445"/>
    </Atoms>
    <Links>
      <Link id="0001" left="001" right="002" valency="1"/>
      <Link id="0002" left="002" right="003" valency="1"/>
      <Link id="0003" left="002" right="004" valency="2"/>
      <Link id="0004" left="001" right="005" valency="1"/>
      <Link id="0005" left="001" right="006" valency="1"/>
      <Link id="0006" left="001" right="007" valency="1"/>
      <Link id="0007" left="003" right="008" valency="1"/>
      <Link id="0008" left="003" right="009" valency="1"/>
    </Links>
  </Molecule>
  <Molecule id ="04" name="Ethanol" Formula="C2H6O" Infos="L’éthanol, ou alcool éthylique, est un alcool primaire, possédant la structure semi-développée suivante : CH3-CH2-OH. En chimie, l’éthanol est usuellement désigné par l’abréviation EtOH. C’est un liquide incolore, miscible à l’eau en toutes proportions.">
    <Atoms>
      <Atom id="001" type="H" AtomiqNumber="1" x3="1,626544" y3="-0,037693" z3="0,845612"/>
      <Atom id="002" type="C" AtomiqNumber="6" x3="1,011200" y3="-0,045292" z3="-0,062605"/>
      <Atom id="003" type="H" AtomiqNumber="1" x3="1,325261" y3="0,803088" z3="-0,684698"/>
      <Atom id="004" type="H" AtomiqNumber="1" x3="1,250124" y3="-0,961175" z3="-0,618887"/>
      <Atom id="005" type="C" AtomiqNumber="6" x3="-0,462076" y3="0,030628" z3="0,294699"/>
      <Atom id="006" type="H" AtomiqNumber="1" x3="-0,758002" y3="-0,826323" z3="0,931560"/>
      <Atom id="007" type="H" AtomiqNumber="1" x3="-0,682225" y3="0,953690" z3="0,866556"/>
      <Atom id="008" type="O" AtomiqNumber="8" x3="-1,198129" y3="0,018094" z3="-0,907245"/>
      <Atom id="009" type="H" AtomiqNumber="1" x3="-2,112696" y3="0,064982" z3="-0,664993"/>
    </Atoms>
    <Links>
      <Link id="0001" left="001" right=" 002" valency="1"/>
      <Link id="0002" left="002" right=" 003" valency="1"/>
      <Link id="0003" left="002" right=" 004" valency="1"/>
      <Link id="0004" left="002" right=" 005" valency="1"/>
      <Link id="0005" left="005" right=" 006" valency="1"/>
      <Link id="0006" left="005" right=" 007" valency="1"/>
      <Link id="0008" left="005" right=" 008" valency="1"/>
      <Link id="0009" left="008" right=" 009" valency="1"/>
    </Links>
  </Molecule>
  <Molecule id ="05" name="Methanol" Formula="CH4O" Infos="Le méthanol, également connu sous le nom d’alcool méthylique, de carbinol, d’alcool de bois, de naphte de bois ou d’esprit de bois est un composé chimique de formule : CH3OH (souvent abrégé en MeOH). C’est le plus simple des alcools, et il se présente sous la forme d’un liquide léger, volatil, incolore, inflammable, toxique avec une odeur caractéristique un peu écœurante, plus douce et sucrée que celle de l’éthanol (alcool éthylique).">
    <Atoms>
      <Atom id="001" type="H" AtomiqNumber="1" x3="0,847537" y3="0,034736" z3="1,034527"/>
      <Atom id="002" type="C" AtomiqNumber="6" x3="0,350482" y3="0,006745" z3="0,060835"/>
      <Atom id="003" type="H" AtomiqNumber="1" x3="0,635075" y3="0,892764" z3="-0,520065"/>
      <Atom id="004" type="H" AtomiqNumber="1" x3="0,662936" y3="-0,893380" z3="-0,482833"/>
      <Atom id="005" type="O" AtomiqNumber="8" x3="-1,010835" y3="-0,008234" z3="0,364387"/>
      <Atom id="006" type="H" AtomiqNumber="1" x3="-1,485195" y3="-0,032631" z3="-0,456852"/>
    </Atoms>
    <Links>
      <Link id="0001" left="001" right=" 002" valency="1"/>
      <Link id="0002" left="002" right=" 003" valency="1"/>
      <Link id="0003" left="002" right=" 004" valency="1"/>
      <Link id="0004" left="002" right=" 005" valency="1"/>
      <Link id="0005" left="005" right=" 006" valency="1"/>
    </Links>
  </Molecule>
  <Molecule id ="06" name="Propane" Formula="C3H8" Infos="Le propane est un alcane linéaire de formule C3H8. Il est dérivé d’autres produits pétroliers par des processus de thermochimie de gaz ou de pétrole. Il est couramment utilisé comme source d’énergie chimique par combustion dans les moteurs à combustion interne, barbecues et chaudières. Généralement vendu à l’état liquide, sous forme de GPL notamment (c’est l’un de ses constituants principaux). Un additif, l’éthanethiol, est utilisé comme odorant pour signaler les fuites éventuelles.">
    <Atoms>
      <Atom id="001" type="H" AtomiqNumber="1" x3="1,899888" y3="-0,122054" z3="1,085334"/>
      <Atom id="002" type="C" AtomiqNumber="6" x3="1,255016" y3="-0,064188" z3="0,199363"/>
      <Atom id="003" type="H" AtomiqNumber="1" x3="1,556942" y3="0,825326" z3="-0,369401"/>
      <Atom id="004" type="H" AtomiqNumber="1" x3="1,475813" y3="-0,939742" z3="-0,425536"/>
      <Atom id="005" type="C" AtomiqNumber="6" x3="-0,206595" y3="-0,009366" z3="0,583463"/>
      <Atom id="006" type="H" AtomiqNumber="1" x3="-0,470814" y3="-0,900172" z3="1,186581"/>
      <Atom id="007" type="H" AtomiqNumber="1" x3="-0,389866" y3="0,860845" z3="1,243977"/>
      <Atom id="008" type="C" AtomiqNumber="6" x3="-1,101463" y3="0,071268" z3="-0,632844"/>
      <Atom id="009" type="H" AtomiqNumber="1" x3="-0,888184" y3="0,965926" z3="-1,232829"/>
      <Atom id="010" type="H" AtomiqNumber="1" x3="-0,970055" y3="-0,799104" z3="-1,289367"/>
      <Atom id="011" type="H" AtomiqNumber="1" x3="-2,160680" y3="0,111260" z3="-0,348741"/>
    </Atoms>
    <Links>
      <Link id="0001" left="001" right=" 002" valency="1"/>
      <Link id="0002" left="002" right=" 003" valency="1"/>
      <Link id="0003" left="002" right=" 004" valency="1"/>
      <Link id="0004" left="002" right=" 005" valency="1"/>
      <Link id="0005" left="005" right=" 006" valency="1"/>
      <Link id="0006" left="005" right=" 007" valency="1"/>
      <Link id="0007" left="005" right=" 008" valency="1"/>
      <Link id="0008" left="008" right=" 009" valency="1"/>
      <Link id="0009" left="008" right=" 0010" valency="1"/>
      <Link id="0010" left="008" right=" 0011" valency="1"/>
    </Links>
  </Molecule>
  <Molecule id ="07" name="Ethene" Formula="C2H4" Infos="L'éthene, est un hydrocarbure insaturé. On peut aussi le trouver sous l’appellation R1150. ’est un gaz incolore, volatil, de densité proche de l’air avec lequel il forme des mélanges explosifs. À partir de 425 °C, il s’enflamme et brûle avec une flamme claire.(chaleur de combustion: 47 200 kJ/kg).">
    <Atoms>
      <Atom id="001" type="H" AtomiqNumber="1" x3="1,161030" y3="0,066068" z3="1,023885"/>
      <Atom id="002" type="C" AtomiqNumber="6" x3="0,657896" y3="-0,004459" z3="0,063979"/>
      <Atom id="003" type="H" AtomiqNumber="1" x3="1,335190" y3="-0,083013" z3="-0,781426"/>
      <Atom id="004" type="C" AtomiqNumber="6" x3="-0,657835" y3="0,004458" z3="-0,063847"/>
      <Atom id="005" type="H" AtomiqNumber="1" x3="-1,335485" y3="0,083007" z3="0,781272"/>
      <Atom id="006" type="H" AtomiqNumber="1" x3="-1,160796" y3="-0,066061" z3="-1,023863"/>
    </Atoms>
    <Links>
      <Link id="0001" left="001" right=" 002" valency="1"/>
      <Link id="0002" left="002" right=" 003" valency="1"/>
      <Link id="0003" left="002" right=" 004" valency="2"/>
      <Link id="0004" left="004" right=" 005" valency="1"/>
      <Link id="0005" left="004" right=" 006" valency="1"/>
    </Links>
  </Molecule>
  <Molecule id ="08" name="Propan-1-ol" Formula="C3H8O" Infos="e propan-1-ol est un alcool primaire de formule CH3CH2CH2OH. C’est l’un des deux isomère du propanol avec le propan-2-ol. Il est souvent employé comme solvant organique (en pharmacologie par exemple) et se forme naturellement, en très petite quantité, lors de nombreux processus de fermentation.">
    <Atoms>
		<Atom id="001" type="H" AtomiqNumber="1" x3="1,895884" y3="0,037921" z3="1,563801"/>
		<Atom id="002" type="C" AtomiqNumber="6" x3="1,435537" y3="-0,008593" z3="0,568751"/>
		<Atom id="003" type="H" AtomiqNumber="1" x3="1,835050" y3="0,830330" z3="-0,016688"/>
		<Atom id="004" type="H" AtomiqNumber="1" x3="1,782305" y3="-0,934326" z3="0,090332"/>
		<Atom id="005" type="C" AtomiqNumber="6" x3="-0,072277" y3="0,041955" z3="0,661681"/>
		<Atom id="006" type="H" AtomiqNumber="1" x3="-0,444511" y3="-0,793136" z3="1,287636"/>
		<Atom id="007" type="H" AtomiqNumber="1" x3="-0,392217" y3="0,966393" z3="1,182103"/>
		<Atom id="008" type="C" AtomiqNumber="6" x3="-0,701414" y3="-0,022892" z3="-0,728343"/>
		<Atom id="009" type="H" AtomiqNumber="1" x3="-0,355570" y3="0,822570" z3="-1,355983"/>
		<Atom id="010" type="H" AtomiqNumber="1" x3="-0,409247" y3="-0,956946" z3="-1,248425"/>
		<Atom id="011" type="O" AtomiqNumber="8" x3="-2,100603" y3="0,028960" z3="-0,567433"/>
		<Atom id="012" type="H" AtomiqNumber="1" x3="-2,472938" y3="-0,012235" z3="-1,437433"/>
    </Atoms>
    <Links>
		<Link id="0001" left="001" right="002" valency="1"/>
		<Link id="0002" left="002" right="003" valency="1"/>
		<Link id="0003" left="002" right="004" valency="1"/>
		<Link id="0004" left="002" right="005" valency="1"/>
		<Link id="0005" left="005" right="006" valency="1"/>
		<Link id="0006" left="005" right="007" valency="1"/>
		<Link id="0007" left="005" right="008" valency="1"/>
		<Link id="0008" left="008" right="009" valency="1"/>
		<Link id="0009" left="008" right="010" valency="1"/>
		<Link id="0010" left="008" right="011" valency="1"/>
		<Link id="0011" left="011" right="012" valency="1"/>
    </Links>  
</Molecule>
<Molecule id ="09" name="Propan-2-ol" Formula="C3H8O" Infos="L’isopropanol, ou alcool isopropylique est le nom commun pour le propan-2-ol, composé chimique sans couleur et inflammable dont la formule chimique est CH3CH(OH)-CH3. C’est l’un des deux isomères du propanol (l’autre étant le propan-1-ol). Il est aussi connu sous son nom abrégé IPA (acronyme de l’anglais IsoPropylic Alcohol).">
	<Atoms>
		<Atom id="001" type="H" AtomiqNumber="1" x3="1,968904" y3="-0,028022" z3="1,059642"/>
		<Atom id="002" type="C" AtomiqNumber="6" x3="1,370384" y3="-0,060751" z3="0,140144"/>
		<Atom id="003" type="H" AtomiqNumber="1" x3="1,628613" y3="0,828390" z3="-0,450287"/>
		<Atom id="004" type="H" AtomiqNumber="1" x3="1,684746" y3="-0,942964" z3="-0,431595"/>
		<Atom id="005" type="C" AtomiqNumber="6" x3="-0,122380" y3="-0,124966" z3="0,444378"/>
		<Atom id="006" type="H" AtomiqNumber="1" x3="-0,342327" y3="-1,042220" z3="1,044874"/>
		<Atom id="007" type="O" AtomiqNumber="8" x3="-0,425535" y3="1,008964" z3="1,238514"/>
		<Atom id="008" type="H" AtomiqNumber="1" x3="-1,365612" y3="1,013059" z3="1,358342"/>
		<Atom id="009" type="C" AtomiqNumber="6" x3="-0,939836" y3="-0,153996" z3="-0,845989"/>
		<Atom id="010" type="H" AtomiqNumber="1" x3="-0,777551" y3="0,747262" z3="-1,452004"/>
		<Atom id="011" type="H" AtomiqNumber="1" x3="-0,662336" y3="-1,019266" z3="-1,460930"/>
		<Atom id="012" type="H" AtomiqNumber="1" x3="-2,017071" y3="-0,225489" z3="-0,645088"/>
    </Atoms>
    <Links>
		<Link id="0001" left="001" right=" 002" valency="1"/>
		<Link id="0002" left="002" right=" 003" valency="1"/>
		<Link id="0003" left="002" right=" 004" valency="1"/>
		<Link id="0004" left="002" right=" 005" valency="1"/>
		<Link id="0005" left="005" right=" 006" valency="1"/>
		<Link id="0006" left="005" right=" 007" valency="1"/>
		<Link id="0007" left="005" right=" 009" valency="1"/>
		<Link id="0008" left="007" right=" 008" valency="1"/>
		<Link id="0009" left="009" right=" 010" valency="1"/>
		<Link id="0010" left="009" right=" 011" valency="1"/>
		<Link id="0011" left="009" right=" 012" valency="1"/>
    </Links>  
</Molecule>
 
  <Molecule id ="10" name="Ethane" Formula="C2H6" Infos="L’éthane est un un hydrocarbure de la famille des alcanes de formule brute C2H6. C’est un gaz combustible, incolore et inodore que l’on peut trouver dans le gaz naturel et aussi dans les gaz du pétrole.">
	<Atoms>
		<Atom id="001" type="H" AtomiqNumber="1" x3="1,185080" y3="-0,003838" z3="0,987524"/>
		<Atom id="002" type="C" AtomiqNumber="6" x3="0,751621" y3="-0,022441" z3="-0,020839"/>
		<Atom id="003" type="H" AtomiqNumber="1" x3="1,166929" y3="0,833015" z3="-0,569312"/>
		<Atom id="004" type="H" AtomiqNumber="1" x3="1,115519" y3="-0,932892" z3="-0,514525"/>
		<Atom id="005" type="C" AtomiqNumber="6" x3="-0,751587" y3="0,022496" z3="0,020891"/>
		<Atom id="006" type="H" AtomiqNumber="1" x3="-1,166882" y3="-0,833372" z3="0,568699"/>
		<Atom id="007" type="H" AtomiqNumber="1" x3="-1,115691" y3="0,932608" z3="0,515082"/>
		<Atom id="008" type="H" AtomiqNumber="1" x3="-1,184988" y3="0,004424" z3="-0,987522"/>
    </Atoms>
    <Links>
		<Link id="0001" left="001" right=" 002" valency="1"/>
		<Link id="0002" left="002" right=" 003" valency="1"/>
		<Link id="0003" left="002" right=" 004" valency="1"/>
		<Link id="0004" left="002" right=" 005" valency="1"/>
		<Link id="0005" left="005" right=" 006" valency="1"/>
		<Link id="0006" left="005" right=" 007" valency="1"/>
		<Link id="0007" left="005" right=" 008" valency="1"/>
    </Links>  
</Molecule>
 
  <Molecule id ="11" name="Methane" Formula="CH4" Infos="Le méthane est un hydrocarbure de formule brute CH4. C’est le plus simple composé de la famille des alcanes. C’est un gaz que l’on trouve à l’état naturel et qui est produit par des organismes vivants. Il est principalement utilisé comme combustible ainsi que comme liquide réfrigérant. Il est également reconnu comme étant un des principaux gaz à effet de serre.">
	<Atoms>
		<Atom id="001" type="H" AtomiqNumber="1" x3="0,528809" y3="0,161048" z3="0,935955"/>
		<Atom id="002" type="C" AtomiqNumber="6" x3="0,000014" y3="0,000046" z3="0,000035"/>
		<Atom id="003" type="H" AtomiqNumber="1" x3="0,205136" y3="0,824021" z3="-0,678591"/>
		<Atom id="004" type="H" AtomiqNumber="1" x3="0,334551" y3="-0,931400" z3="-0,449551"/>
		<Atom id="005" type="H" AtomiqNumber="1" x3="-1,068510" y3="-0,053715" z3="0,192152"/>
    </Atoms>
    <Links>
		<Link id="0001" left="001" right=" 002" valency="1"/>
		<Link id="0002" left="002" right=" 003" valency="1"/>
		<Link id="0003" left="002" right=" 004" valency="1"/>
		<Link id="0004" left="002" right=" 005" valency="1"/>
    </Links>  
</Molecule>
 
  <Molecule id ="12" name="2-Methylpropane" Formula="C4H10" Infos="L’isobutane ou 2-méthylpropane est un hydrocarbure de formule brute C4H10 que l’on trouve sous forme de gaz dans les conditions habituelles de température et de pression. C’est un isomère du butane. Il est utilisé comme fluide réfrigérant sous le nom de R600a (ou technologie ’Greenfreeze’)">
	<Atoms>
		<Atom id="001" type="H" AtomiqNumber="1" x3="2,023313" y3="-0,365417" z3="0,755709"/>
		<Atom id="002" type="C" AtomiqNumber="6" x3="1,412552" y3="-0,255752" z3="-0,149765"/>
		<Atom id="003" type="H" AtomiqNumber="1" x3="1,655894" y3="0,718785" z3="-0,594222"/>
		<Atom id="004" type="H" AtomiqNumber="1" x3="1,731698" y3="-1,029360" z3="-0,860146"/>
		<Atom id="005" type="C" AtomiqNumber="6" x3="-0,069418" y3="-0,371904" z3="0,165322"/>
		<Atom id="006" type="H" AtomiqNumber="1" x3="-0,257277" y3="-1,378489" z3="0,612506"/>
		<Atom id="007" type="C" AtomiqNumber="6" x3="-0,483849" y3="0,686446" z3="1,173871"/>
		<Atom id="008" type="H" AtomiqNumber="1" x3="0,088302" y3="0,595567" z3="2,106290"/>
		<Atom id="009" type="H" AtomiqNumber="1" x3="-0,319920" y3="1,700652" z3="0,785305"/>
		<Atom id="010" type="H" AtomiqNumber="1" x3="-1,548119" y3="0,600503" z3="1,428681"/>
		<Atom id="011" type="C" AtomiqNumber="6" x3="-0,894849" y3="-0,249347" z3="-1,104543"/>
		<Atom id="012" type="H" AtomiqNumber="1" x3="-0,748201" y3="0,725349" z3="-1,589249"/>
		<Atom id="013" type="H" AtomiqNumber="1" x3="-0,622710" y3="-1,023011" z3="-1,834159"/>
		<Atom id="014" type="H" AtomiqNumber="1" x3="-1,967418" y3="-0,354023" z3="-0,895598"/>
    </Atoms>
    <Links>
		<Link id="0001" left="001" right=" 002" valency="1"/>
		<Link id="0002" left="002" right=" 003" valency="1"/>
		<Link id="0003" left="002" right=" 004" valency="1"/>
		<Link id="0004" left="002" right=" 005" valency="1"/>
		<Link id="0005" left="005" right=" 006" valency="1"/>
		<Link id="0006" left="005" right=" 007" valency="1"/>
		<Link id="0007" left="005" right=" 011" valency="1"/>
		<Link id="0008" left="007" right=" 008" valency="1"/>
		<Link id="0009" left="007" right=" 009" valency="1"/>
		<Link id="0010" left="007" right=" 010" valency="1"/>
		<Link id="0011" left="011" right=" 012" valency="1"/>
		<Link id="0012" left="011" right=" 013" valency="1"/>
		<Link id="0013" left="011" right=" 014" valency="1"/>
    </Links>  
</Molecule>
 
  <Molecule id ="13" name="But-1-ene" Formula="C4H8" Infos="Le but-1-ène est un alcène de formule brute C4H8. L’but-1-ène est utilisé comme copolymère dans la production du polyéthylène (PE). L’but-1-ène est ajouté pour obtenir du polyéthylène basse densité (LLDPE) jusqu’à une concentration de 12%. Le but-1-ène est habituellement ajouté lors de polymérisation en phase gazeuse.">
	<Atoms>
		<Atom id="001" type="C" AtomiqNumber="6" x3="1,519039" y3="-0,394956" z3="-0,436214"/>
		<Atom id="002" type="C" AtomiqNumber="6" x3="0,454116" y3="0,534424" z3="0,105009"/>
		<Atom id="003" type="C" AtomiqNumber="6" x3="-0,766112" y3="-0,216635" z3="0,508324"/>
		<Atom id="004" type="C" AtomiqNumber="6" x3="-1,991417" y3="0,130401" z3="0,133270"/>
		<Atom id="005" type="H" AtomiqNumber="1" x3="-0,597296" y3="-1,089864" z3="1,150396"/>
		<Atom id="006" type="H" AtomiqNumber="1" x3="1,803789" y3="-1,159308" z3="0,299025"/>
		<Atom id="007" type="H" AtomiqNumber="1" x3="2,428275" y3="0,157654" z3="-0,705019"/>
		<Atom id="008" type="H" AtomiqNumber="1" x3="1,175829" y3="-0,920921" z3="-1,336381"/>
		<Atom id="009" type="H" AtomiqNumber="1" x3="0,836631" y3="1,080035" z3="0,991091"/>
		<Atom id="010" type="H" AtomiqNumber="1" x3="-2,199948" y3="0,983594" z3="-0,506648"/>
		<Atom id="011" type="H" AtomiqNumber="1" x3="-2,875758" y3="-0,417909" z3="0,442750"/>
		<Atom id="012" type="H" AtomiqNumber="1" x3="0,212851" y3="1,313485" z3="-0,645601"/>
    </Atoms>
    <Links>
		<Link id="0001" left="002" right=" 001" valency="1"/>
		<Link id="0002" left="001" right=" 006" valency="1"/>
		<Link id="0003" left="001" right=" 007" valency="1"/>
		<Link id="0004" left="001" right=" 008" valency="1"/>
		<Link id="0005" left="002" right=" 003" valency="1"/>
		<Link id="0006" left="002" right=" 009" valency="1"/>
		<Link id="0007" left="002" right=" 012" valency="1"/>
		<Link id="0008" left="003" right=" 005" valency="1"/>
		<Link id="0009" left="004" right=" 003" valency="2"/>
		<Link id="0010" left="004" right=" 010" valency="1"/>
		<Link id="0011" left="004" right=" 011" valency="1"/>
    </Links>  
</Molecule>
 
  <Molecule id ="14" name="Acetylene" Formula="C2H2" Infos="L’acétylène (appelé éthyne par la nomenclature IUPAC) est un composé chimique hydrocarbure de la classe des alcynes de formule brute C2H2. Il a été découvert par Edmund Davy en Angleterre en 1836. C’est l’alcyne le plus simple, constitué de deux atomes de carbone et deux d’hydrogène. Les deux atomes de carbone sont reliés par une triple liaison qui contient la majorité de son énergie chimique.">
	<Atoms>
		<Atom id="001" type="C" AtomiqNumber="6" x3="0,578781" y3="0,012373" z3="0,137009"/>
		<Atom id="002" type="C" AtomiqNumber="6" x3="-0,578774" y3="-0,012388" z3="-0,137139"/>
		<Atom id="003" type="H" AtomiqNumber="1" x3="1,614334" y3="0,034553" z3="0,382514"/>
		<Atom id="004" type="H" AtomiqNumber="1" x3="-1,614341" y3="-0,034538" z3="-0,382385"/>
    </Atoms>
    <Links>
		<Link id="0001" left="001" right=" 002" valency="3"/>
		<Link id="0002" left="001" right=" 003" valency="1"/>
		<Link id="0003" left="002" right=" 004" valency="1"/>
    </Links>  
</Molecule>
 
  <Molecule id ="15" name="Ammoniac" Formula="H3N" Infos="L’ammoniac est un composé chimique, de formule NH3 (groupe générique des nitrures d’hydrogène). C’est une molécule pyramidale à base trigonale : l’atome d’azote (N) est au sommet et les trois atomes d’hydrogène (H) occupent les trois coins (sommets) de la base triangulaire équilatérale. Plus précisément, l’atome d’azote « monte » et « descend » entre ce « sommet » de la pyramide et celui de la pyramide opposée, traversant ainsi la base triangulaire des atomes d’hydrogène. Cette « oscillation » s’effectue à une fréquence fondamentale de 24 GHz et a été mise à contribution dans les premières horloges atomiques. Dans les conditions « ambiantes », il se présente sous la forme d’un gaz incolore (produisant une fumée de condensation à haute concentration) et dégageant une très désagréable odeur putride.">
	<Atoms>
		<Atom id="001" type="N" AtomiqNumber="7" x3="-0,149235" y3="-0,185795" z3="0,120472"/>
		<Atom id="002" type="H" AtomiqNumber="1" x3="0,151859" y3="0,507801" z3="0,774118"/>
		<Atom id="003" type="H" AtomiqNumber="1" x3="0,663499" y3="-0,594956" z3="-0,293043"/>
		<Atom id="004" type="H" AtomiqNumber="1" x3="-0,666123" y3="0,272951" z3="-0,601547"/>
    </Atoms>
    <Links>
		<Link id="0001" left="001" right=" 002" valency="1"/>
		<Link id="0002" left="001" right=" 003" valency="1"/>
		<Link id="0003" left="001" right=" 004" valency="1"/>
    </Links>  
</Molecule>
 
  <Molecule id ="16" name="Ethylamine" Formula="C2H7N" Infos="L’éthylamine est une amine primaire formée d’une chaine de deux carbones (groupe Ethyl) et d’un groupement NH2 (groupe amino) Sa formule semi-développée est CH3 - CH2 - NH2. À la pression atmosphérique et au-dessus de 16,6 °C l’éthylamine se présente sous forme d’un gaz incolore ayant une forte odeur ammoniacale. Elle est miscible en toute proportion dans l’eau. Elle est soluble dans la plupart des solvants organiques. Comme la majorité des amines, l’éthylamine est une base faible.">
	<Atoms>
		<Atom id="001" type="C" AtomiqNumber="6" x3="1,059255" y3="0,420737" z3="-0,098215"/>
		<Atom id="002" type="C" AtomiqNumber="6" x3="-0,100498" y3="-0,550637" z3="-0,003255"/>
		<Atom id="003" type="N" AtomiqNumber="7" x3="-1,395679" y3="0,147834" z3="-0,161227"/>
		<Atom id="004" type="H" AtomiqNumber="1" x3="1,055274" y3="0,976544" z3="-1,045381"/>
		<Atom id="005" type="H" AtomiqNumber="1" x3="1,045983" y3="1,160670" z3="0,714035"/>
		<Atom id="006" type="H" AtomiqNumber="1" x3="-0,034779" y3="-1,120406" z3="0,949374"/>
		<Atom id="007" type="H" AtomiqNumber="1" x3="-0,037700" y3="-1,303292" z3="-0,814304"/>
		<Atom id="008" type="H" AtomiqNumber="1" x3="-1,468262" y3="0,882001" z3="0,512260"/>
		<Atom id="009" type="H" AtomiqNumber="1" x3="-2,140359" y3="-0,500806" z3="-0,016820"/>
		<Atom id="010" type="H" AtomiqNumber="1" x3="2,016764" y3="-0,112645" z3="-0,036468"/>
    </Atoms>
    <Links>
		<Link id="0001" left="001" right=" 002" valency="1"/>
		<Link id="0002" left="002" right=" 003" valency="1"/>
		<Link id="0003" left="001" right=" 004" valency="1"/>
		<Link id="0004" left="001" right=" 005" valency="1"/>
		<Link id="0005" left="002" right=" 006" valency="1"/>
		<Link id="0006" left="002" right=" 007" valency="1"/>
		<Link id="0007" left="003" right=" 008" valency="1"/>
		<Link id="0008" left="003" right=" 009" valency="1"/>
		<Link id="0009" left="001" right=" 010" valency="1"/>
    </Links>  
</Molecule>
 
  <Molecule id ="17" name="Methanamine" Formula="CH5N" Infos="La méthénamine (ou 1,2,2-triméthyl-1,3-cyclopentanedicarboxylate d’hexaméthylène tétramine) est un antibiotique généralement utilisé dans le traitement des infections urinaires. Son mécanisme d’action passe par un relargage lent de formaldéhyde par hydrolyse en milieu acide.">
	<Atoms>
		<Atom id="001" type="N" AtomiqNumber="7" x3="0,834397" y3="-0,388573" z3="0,012614"/>
		<Atom id="002" type="C" AtomiqNumber="6" x3="-0,567777" y3="0,045692" z3="-0,029950"/>
		<Atom id="003" type="H" AtomiqNumber="1" x3="1,245687" y3="-0,116837" z3="0,881077"/>
		<Atom id="004" type="H" AtomiqNumber="1" x3="1,343364" y3="0,041139" z3="-0,731366"/>
		<Atom id="005" type="H" AtomiqNumber="1" x3="-1,122955" y3="-0,444221" z3="0,780938"/>
		<Atom id="006" type="H" AtomiqNumber="1" x3="-1,015225" y3="-0,269406" z3="-0,981926"/>
		<Atom id="007" type="H" AtomiqNumber="1" x3="-0,717491" y3="1,132206" z3="0,068613"/>
    </Atoms>
    <Links>
		<Link id="0001" left="001" right=" 002" valency="1"/>
		<Link id="0002" left="001" right=" 003" valency="1"/>
		<Link id="0003" left="001" right=" 004" valency="1"/>
		<Link id="0004" left="002" right=" 005" valency="1"/>
		<Link id="0005" left="002" right=" 006" valency="1"/>
		<Link id="0006" left="002" right=" 007" valency="1"/>
    </Links>  
</Molecule>
 
  <Molecule id ="18" name="Benzene" Formula="C6H6" Infos="Le benzène est un hydrocarbure aromatique monocyclique, de formule C6H6, également noté Ph-H, φ-H ou encore Ar-H. Ce composé organique incolore (il a d’ailleurs le même indice de réfraction que le verre) est un liquide cancérogène. C’est un solvant très utilisé dans l’industrie chimique, et un précurseur important pour la synthèse chimique de médicaments, de plastiques, de caoutchouc synthétique ou encore de colorants. Le benzène est un constituant naturel du pétrole brut, mais il est généralement synthétisé à partir d’autres composés organiques présents dans le pétrole.">
	<Atoms>
		<Atom id="001" type="H" AtomiqNumber="1" x3="1,219426" y3="-0,165162" z3="2,159956"/>
		<Atom id="002" type="C" AtomiqNumber="6" x3="0,682484" y3="-0,092393" z3="1,208751"/>
		<Atom id="003" type="C" AtomiqNumber="6" x3="-0,707439" y3="-0,035189" z3="1,197316"/>
		<Atom id="004" type="H" AtomiqNumber="1" x3="-1,264364" y3="-0,062972" z3="2,139353"/>
		<Atom id="005" type="C" AtomiqNumber="6" x3="-1,389823" y3="0,057217" z3="-0,011432"/>
		<Atom id="006" type="H" AtomiqNumber="1" x3="-2,483564" y3="0,102143" z3="-0,020444"/>
		<Atom id="007" type="C" AtomiqNumber="6" x3="-0,682419" y3="0,092478" z3="-1,208755"/>
		<Atom id="008" type="H" AtomiqNumber="1" x3="-1,219402" y3="0,165195" z3="-2,159900"/>
		<Atom id="009" type="C" AtomiqNumber="6" x3="0,707479" y3="0,035227" z3="-1,197298"/>
		<Atom id="010" type="H" AtomiqNumber="1" x3="1,264130" y3="0,062848" z3="-2,139458"/>
		<Atom id="011" type="C" AtomiqNumber="6" x3="1,389894" y3="-0,057174" z3="0,011426"/>
		<Atom id="012" type="H" AtomiqNumber="1" x3="2,483597" y3="-0,102217" z3="0,020489"/>
    </Atoms>
    <Links>
		<Link id="0001" left="001" right=" 002" valency="1"/>
		<Link id="0002" left="002" right=" 003" valency="2"/>
		<Link id="0003" left="002" right=" 011" valency="1"/>
		<Link id="0004" left="003" right=" 004" valency="1"/>
		<Link id="0005" left="003" right=" 005" valency="1"/>
		<Link id="0006" left="005" right=" 006" valency="1"/>
		<Link id="0007" left="005" right=" 007" valency="2"/>
		<Link id="0008" left="007" right=" 008" valency="1"/>
		<Link id="0009" left="007" right=" 009" valency="1"/>
		<Link id="0010" left="009" right=" 010" valency="1"/>
		<Link id="0011" left="009" right=" 011" valency="2"/>
		<Link id="0012" left="011" right=" 012" valency="1"/>
    </Links>  
</Molecule>
 
  <Molecule id ="19" name="Caffeine" Formula="C8H10N4O2" Infos="La caféine est un alcaloïde de la famille des méthylxanthines, présent dans de nombreux aliments, qui agit comme stimulant psychotrope et comme léger diurétique. La caféine a été découverte en 1819 par le chimiste allemand Friedrich Ferdinand Runge. Il la nomma « kaffein » en tant que composé chimique du café, qui en français devint caféine.">
	<Atoms>
		<Atom id="001" type="N" AtomiqNumber="7" x3="1,659632" y3="0,660920" z3="-0,271271"/>
		<Atom id="002" type="C" AtomiqNumber="6" x3="1,785021" y3="-0,779129" z3="-0,255949"/>
		<Atom id="003" type="N" AtomiqNumber="7" x3="0,612806" y3="-1,608906" z3="-0,393730"/>
		<Atom id="004" type="C" AtomiqNumber="6" x3="0,401929" y3="1,318216" z3="-0,016004"/>
		<Atom id="005" type="C" AtomiqNumber="6" x3="-0,733464" y3="0,413478" z3="0,038347"/>
		<Atom id="006" type="C" AtomiqNumber="6" x3="-0,617909" y3="-0,973998" z3="-0,109571"/>
		<Atom id="007" type="N" AtomiqNumber="7" x3="-2,109760" y3="0,657267" z3="0,234906"/>
		<Atom id="008" type="C" AtomiqNumber="6" x3="-2,772439" y3="-0,562269" z3="0,209813"/>
		<Atom id="009" type="N" AtomiqNumber="7" x3="-1,874903" y3="-1,560540" z3="-0,000764"/>
		<Atom id="010" type="C" AtomiqNumber="6" x3="0,735608" y3="-3,069196" z3="-0,210904"/>
		<Atom id="011" type="O" AtomiqNumber="8" x3="2,892437" y3="-1,297551" z3="-0,212698"/>
		<Atom id="012" type="O" AtomiqNumber="8" x3="0,363733" y3="2,532611" z3="0,115710"/>
		<Atom id="013" type="C" AtomiqNumber="6" x3="-2,730788" y3="1,961282" z3="0,459758"/>
		<Atom id="014" type="C" AtomiqNumber="6" x3="2,908891" y3="1,458603" z3="-0,240195"/>
		<Atom id="015" type="H" AtomiqNumber="1" x3="-3,848274" y3="-0,720508" z3="0,332764"/>
		<Atom id="016" type="H" AtomiqNumber="1" x3="1,561100" y3="-3,446348" z3="-0,829847"/>
		<Atom id="017" type="H" AtomiqNumber="1" x3="-0,192018" y3="-3,562176" z3="-0,530166"/>
		<Atom id="018" type="H" AtomiqNumber="1" x3="0,935512" y3="-3,340819" z3="0,835372"/>
		<Atom id="019" type="H" AtomiqNumber="1" x3="-2,333498" y3="2,706064" z3="-0,245137"/>
		<Atom id="020" type="H" AtomiqNumber="1" x3="-2,525360" y3="2,320312" z3="1,478733"/>
		<Atom id="021" type="H" AtomiqNumber="1" x3="-3,818507" y3="1,892617" z3="0,326144"/>
		<Atom id="022" type="H" AtomiqNumber="1" x3="3,674681" y3="0,991531" z3="-0,874770"/>
		<Atom id="023" type="H" AtomiqNumber="1" x3="3,303682" y3="1,537341" z3="0,782105"/>
		<Atom id="024" type="H" AtomiqNumber="1" x3="2,721889" y3="2,471199" z3="-0,622647"/>
    </Atoms>
    <Links>
		<Link id="0001" left="001" right=" 002" valency="1"/>
		<Link id="0002" left="002" right=" 003" valency="1"/>
		<Link id="0003" left="001" right=" 004" valency="1"/>
		<Link id="0004" left="004" right=" 005" valency="1"/>
		<Link id="0005" left="005" right=" 006" valency="2"/>
		<Link id="0006" left="006" right=" 003" valency="1"/>
		<Link id="0007" left="005" right=" 007" valency="1"/>
		<Link id="0008" left="007" right=" 008" valency="1"/>
		<Link id="0009" left="008" right=" 009" valency="2"/>
		<Link id="0010" left="009" right=" 006" valency="1"/>
		<Link id="0011" left="003" right=" 010" valency="1"/>
		<Link id="0012" left="002" right=" 011" valency="2"/>
		<Link id="0013" left="004" right=" 012" valency="2"/>
		<Link id="0014" left="007" right=" 013" valency="1"/>
		<Link id="0015" left="001" right=" 014" valency="1"/>
		<Link id="0016" left="008" right=" 015" valency="1"/>
		<Link id="0017" left="010" right=" 016" valency="1"/>
		<Link id="0018" left="010" right=" 017" valency="1"/>
		<Link id="0019" left="010" right=" 018" valency="1"/>
		<Link id="0020" left="013" right=" 019" valency="1"/>
		<Link id="0021" left="013" right=" 020" valency="1"/>
		<Link id="0022" left="013" right=" 021" valency="1"/>
		<Link id="0023" left="014" right=" 022" valency="1"/>
		<Link id="0024" left="014" right=" 023" valency="1"/>
		<Link id="0025" left="014" right=" 024" valency="1"/>
    </Links>  
</Molecule>
 
  <Molecule id ="20" name="Phenol" Formula="C6H6O" Infos="Le phénol, appelé aussi hydroxybenzène, acide phénique, ou encore acide carbolique, est composé d’un cycle aromatique benzénique (hydrocarbure aromatique) et d’une fonction hydroxyle. C’est la plus simple molécule de la famille des phénols.">
	<Atoms>
		<Atom id="001" type="H" AtomiqNumber="1" x3="1,517843" y3="0,166760" z3="2,079463"/>
		<Atom id="002" type="C" AtomiqNumber="6" x3="0,961438" y3="0,092566" z3="1,139383"/>
		<Atom id="003" type="C" AtomiqNumber="6" x3="1,646012" y3="0,009863" z3="-0,067881"/>
		<Atom id="004" type="H" AtomiqNumber="1" x3="2,740440" y3="0,019066" z3="-0,077279"/>
		<Atom id="005" type="C" AtomiqNumber="6" x3="0,942010" y3="-0,084670" z3="-1,265515"/>
		<Atom id="006" type="H" AtomiqNumber="1" x3="1,485966" y3="-0,149518" z3="-2,213681"/>
		<Atom id="007" type="C" AtomiqNumber="6" x3="-0,446157" y3="-0,097501" z3="-1,268823"/>
		<Atom id="008" type="H" AtomiqNumber="1" x3="-1,002131" y3="-0,171842" z3="-2,209992"/>
		<Atom id="009" type="C" AtomiqNumber="6" x3="-1,128323" y3="-0,013647" z3="-0,046703"/>
		<Atom id="010" type="C" AtomiqNumber="6" x3="-0,428240" y3="0,081814" z3="1,163120"/>
		<Atom id="011" type="H" AtomiqNumber="1" x3="-0,960821" y3="0,147455" z3="2,118568"/>
		<Atom id="012" type="O" AtomiqNumber="8" x3="-2,494912" y3="-0,031258" z3="-0,117625"/>
		<Atom id="013" type="H" AtomiqNumber="1" x3="-2,833124" y3="0,030910" z3="0,766965"/>
    </Atoms>
    <Links>
		<Link id="0001" left="001" right=" 002" valency="1"/>
		<Link id="0002" left="002" right=" 003" valency="2"/>
		<Link id="0003" left="002" right=" 010" valency="1"/>
		<Link id="0004" left="003" right=" 004" valency="1"/>
		<Link id="0005" left="003" right=" 005" valency="1"/>
		<Link id="0006" left="005" right=" 006" valency="1"/>
		<Link id="0007" left="005" right=" 007" valency="2"/>
		<Link id="0008" left="007" right=" 008" valency="1"/>
		<Link id="0009" left="007" right=" 009" valency="1"/>
		<Link id="0010" left="009" right=" 010" valency="2"/>
		<Link id="0011" left="009" right=" 012" valency="1"/>
		<Link id="0012" left="010" right=" 011" valency="1"/>
		<Link id="0013" left="012" right=" 013" valency="1"/>
    </Links>  
</Molecule>
 
  <Molecule id ="21" name="Toluene" Formula="C7H8" Infos="Le toluène, également appelé méthylbenzène ou phénylméthane est un hydrocarbure aromatique sous la forme d’un liquide transparent, très répandu et utilisé comme produit de départ industriel ou comme solvant. Il dissout un grand nombre d’huiles, graisses, résines (naturelles ou de synthèse). Il a une odeur caractéristique (type dissolvant pour peinture) rappelant celle, douceâtre, du benzène apparenté.">
	<Atoms>
		<Atom id="001" type="C" AtomiqNumber="6" x3="1,190147" y3="-0,180672" z3="0,069246"/>
		<Atom id="002" type="C" AtomiqNumber="6" x3="0,966894" y3="-1,552615" z3="0,062235"/>
		<Atom id="003" type="C" AtomiqNumber="6" x3="-0,330722" y3="-2,048901" z3="-0,003807"/>
		<Atom id="004" type="C" AtomiqNumber="6" x3="-1,406590" y3="-1,169400" z3="-0,062343"/>
		<Atom id="005" type="C" AtomiqNumber="6" x3="-1,187293" y3="0,203221" z3="-0,055578"/>
		<Atom id="006" type="C" AtomiqNumber="6" x3="0,113465" y3="0,705833" z3="0,008818"/>
		<Atom id="007" type="C" AtomiqNumber="6" x3="0,350930" y3="2,172252" z3="0,000035"/>
		<Atom id="008" type="H" AtomiqNumber="1" x3="2,213271" y3="0,207690" z3="0,123283"/>
		<Atom id="009" type="H" AtomiqNumber="1" x3="1,814783" y3="-2,243548" z3="0,109287"/>
		<Atom id="010" type="H" AtomiqNumber="1" x3="-0,504964" y3="-3,129548" z3="-0,008715"/>
		<Atom id="011" type="H" AtomiqNumber="1" x3="-2,428755" y3="-1,558035" z3="-0,113449"/>
		<Atom id="012" type="H" AtomiqNumber="1" x3="-2,036772" y3="0,893823" z3="-0,099890"/>
		<Atom id="013" type="H" AtomiqNumber="1" x3="0,466155" y3="2,534833" z3="-1,030726"/>
		<Atom id="014" type="H" AtomiqNumber="1" x3="1,263182" y3="2,441388" z3="0,548802"/>
		<Atom id="015" type="H" AtomiqNumber="1" x3="-0,483730" y3="2,723680" z3="0,452801"/>
    </Atoms>
    <Links>
		<Link id="0001" left="001" right=" 002" valency="2"/>
		<Link id="0002" left="006" right=" 001" valency="1"/>
		<Link id="0003" left="001" right=" 008" valency="1"/>
		<Link id="0004" left="002" right=" 003" valency="1"/>
		<Link id="0005" left="002" right=" 009" valency="1"/>
		<Link id="0006" left="003" right=" 004" valency="2"/>
		<Link id="0007" left="003" right=" 010" valency="1"/>
		<Link id="0008" left="004" right=" 005" valency="1"/>
		<Link id="0009" left="004" right=" 011" valency="1"/>
		<Link id="0010" left="005" right=" 006" valency="2"/>
		<Link id="0011" left="005" right=" 012" valency="1"/>
		<Link id="0012" left="006" right=" 007" valency="1"/>
		<Link id="0013" left="007" right=" 013" valency="1"/>
		<Link id="0014" left="007" right=" 014" valency="1"/>
		<Link id="0015" left="007" right=" 015" valency="1"/>
    </Links>  
</Molecule>
 
  <Molecule id ="22" name="AcideAcetique" Formula="C2H4O2" Infos="L’acide acétique (du latin acetum) ou acide éthanoïque est un acide carboxylique de formule chimique : C2H4O2 ou CH3COOH. Il est naturellement présent dans le vinaigre, il lui donne son goût acide et son odeur piquante. C’est un antiseptique et un désinfectant. L’acide acétique pur est un liquide très faiblement conducteur, incolore, inflammable et hygroscopique. L’acide acétique pur est aussi connu sous le nom d’acide acétique glacial.">
	<Atoms>
		<Atom id="001" type="H" AtomiqNumber="1" x3="1,464920" y3="-0,127722" z3="0,748765"/>
		<Atom id="002" type="C" AtomiqNumber="6" x3="0,933683" y3="-0,194167" z3="-0,209816"/>
		<Atom id="003" type="H" AtomiqNumber="1" x3="1,268776" y3="0,642786" z3="-0,836558"/>
		<Atom id="004" type="H" AtomiqNumber="1" x3="1,232691" y3="-1,128721" z3="-0,701067"/>
		<Atom id="005" type="C" AtomiqNumber="6" x3="-0,547721" y3="-0,142614" z3="-0,001295"/>
		<Atom id="006" type="O" AtomiqNumber="8" x3="-1,393966" y3="-0,967368" z3="-0,296097"/>
		<Atom id="007" type="O" AtomiqNumber="8" x3="-1,006038" y3="0,981650" z3="0,600553"/>
		<Atom id="008" type="H" AtomiqNumber="1" x3="-1,952344" y3="0,936156" z3="0,695512"/>
    </Atoms>
    <Links>
		<Link id="0001" left="001" right=" 002" valency="1"/>
		<Link id="0002" left="002" right=" 003" valency="1"/>
		<Link id="0003" left="002" right=" 004" valency="1"/>
		<Link id="0004" left="002" right=" 005" valency="1"/>
		<Link id="0005" left="005" right=" 006" valency="2"/>
		<Link id="0006" left="005" right=" 007" valency="1"/>
		<Link id="0007" left="007" right=" 008" valency="1"/>
    </Links>  
</Molecule>
 
  <Molecule id ="23" name="AcideButanoique" Formula="C4H8O2" Infos="L’acide butanoïque, usuellement appelé acide butyrique du grec βουτυρος (beurre), est un acide carboxylique saturé de formule CH3CH2CH2-COOH On le trouve par exemple dans le beurre rance, le parmesan, et le contenu gastrique, où il dégage une odeur forte et désagréable. L’acide butyrique peut être détecté par des mammifères avec un bon odorat, comme les chiens, dans des concentrations de 10 ppb, alors que les humains ne peuvent le détecter que dans des concentrations supérieures à 10 ppm.">
	<Atoms>
		<Atom id="001" type="H" AtomiqNumber="1" x3="2,196616" y3="-0,771820" z3="1,727390"/>
		<Atom id="002" type="C" AtomiqNumber="6" x3="1,749220" y3="-0,772606" z3="0,725297"/>
		<Atom id="003" type="H" AtomiqNumber="1" x3="2,444077" y3="-0,249246" z3="0,054892"/>
		<Atom id="004" type="H" AtomiqNumber="1" x3="1,696433" y3="-1,817204" z3="0,390406"/>
		<Atom id="005" type="C" AtomiqNumber="6" x3="0,385074" y3="-0,120272" z3="0,738070"/>
		<Atom id="006" type="H" AtomiqNumber="1" x3="-0,282413" y3="-0,649322" z3="1,446913"/>
		<Atom id="007" type="H" AtomiqNumber="1" x3="0,465089" y3="0,917521" z3="1,117233"/>
		<Atom id="008" type="C" AtomiqNumber="6" x3="-0,229907" y3="-0,118091" z3="-0,654324"/>
		<Atom id="009" type="H" AtomiqNumber="1" x3="0,430848" y3="0,419090" z3="-1,364767"/>
		<Atom id="010" type="H" AtomiqNumber="1" x3="-0,314975" y3="-1,153708" z3="-1,040239"/>
		<Atom id="011" type="C" AtomiqNumber="6" x3="-1,604414" y3="0,499962" z3="-0,628014"/>
		<Atom id="012" type="O" AtomiqNumber="8" x3="-2,639157" y3="0,052601" z3="-0,167148"/>
		<Atom id="013" type="O" AtomiqNumber="8" x3="-1,700502" y3="1,722320" z3="-1,202338"/>
		<Atom id="014" type="H" AtomiqNumber="1" x3="-2,595991" y3="2,040772" z3="-1,143371"/>
    </Atoms>
    <Links>
		<Link id="0001" left="001" right=" 002" valency="1"/>
		<Link id="0002" left="002" right=" 003" valency="1"/>
		<Link id="0003" left="002" right=" 004" valency="1"/>
		<Link id="0004" left="002" right=" 005" valency="1"/>
		<Link id="0005" left="005" right=" 006" valency="1"/>
		<Link id="0006" left="005" right=" 007" valency="1"/>
		<Link id="0007" left="005" right=" 008" valency="1"/>
		<Link id="0008" left="008" right=" 009" valency="1"/>
		<Link id="0009" left="008" right=" 010" valency="1"/>
		<Link id="0010" left="008" right=" 011" valency="1"/>
		<Link id="0011" left="011" right=" 012" valency="2"/>
		<Link id="0012" left="011" right=" 013" valency="1"/>
		<Link id="0013" left="013" right=" 014" valency="1"/>
    </Links>  
</Molecule>
 
  <Molecule id ="24" name="AcideCitrique" Formula="C6H8O7" Infos="L’acide citrique est un triacide carboxylique de formule C6H8O7. L’acide citrique joue un rôle central dans le métabolisme de tous les organismes vivants. Le citron, une source naturelle d’acide citrique. L’acide citrique est naturellement présent dans le citron en grande quantité (il intervient pour plus de 95 % dans l’acidité de ce fruit). ">
	<Atoms>
		<Atom id="001" type="H" AtomiqNumber="1" x3="2,038941" y3="0,215371" z3="0,991800"/>
		<Atom id="002" type="C" AtomiqNumber="6" x3="1,620338" y3="0,337390" z3="-0,029052"/>
		<Atom id="003" type="H" AtomiqNumber="1" x3="2,007792" y3="1,310759" z3="-0,397744"/>
		<Atom id="004" type="C" AtomiqNumber="6" x3="0,075718" y3="0,384840" z3="0,062319"/>
		<Atom id="005" type="O" AtomiqNumber="8" x3="-0,548815" y3="0,349860" z3="-1,207515"/>
		<Atom id="006" type="H" AtomiqNumber="1" x3="0,007594" y3="0,813206" z3="-1,820587"/>
		<Atom id="007" type="C" AtomiqNumber="6" x3="-0,308683" y3="1,703818" z3="0,794393"/>
		<Atom id="008" type="O" AtomiqNumber="8" x3="0,314818" y3="2,227164" z3="1,694185"/>
		<Atom id="009" type="O" AtomiqNumber="8" x3="-1,393873" y3="2,425369" z3="0,465173"/>
		<Atom id="010" type="H" AtomiqNumber="1" x3="-1,950572" y3="1,949672" z3="-0,140758"/>
		<Atom id="011" type="C" AtomiqNumber="6" x3="-0,443757" y3="-0,822936" z3="0,873475"/>
		<Atom id="012" type="H" AtomiqNumber="1" x3="-0,303023" y3="-0,625564" z3="1,956326"/>
		<Atom id="013" type="H" AtomiqNumber="1" x3="0,175588" y3="-1,716712" z3="0,644187"/>
		<Atom id="014" type="C" AtomiqNumber="6" x3="-1,888723" y3="-1,183304" z3="0,623796"/>
		<Atom id="015" type="O" AtomiqNumber="8" x3="-2,337634" y3="-2,228734" z3="0,196009"/>
		<Atom id="016" type="O" AtomiqNumber="8" x3="-2,802827" y3="-0,238781" z3="0,955003"/>
		<Atom id="017" type="H" AtomiqNumber="1" x3="-3,681639" y3="-0,561940" z3="0,781910"/>
		<Atom id="018" type="C" AtomiqNumber="6" x3="2,132739" y3="-0,777443" z3="-0,909836"/>
		<Atom id="019" type="O" AtomiqNumber="8" x3="2,473592" y3="-1,900757" z3="-0,593827"/>
		<Atom id="020" type="O" AtomiqNumber="8" x3="2,245644" y3="-0,457526" z3="-2,221220"/>
		<Atom id="021" type="H" AtomiqNumber="1" x3="2,566783" y3="-1,203750" z3="-2,718036"/>
    </Atoms>
    <Links>
		<Link id="0001" left="001" right=" 002" valency="1"/>
		<Link id="0002" left="002" right=" 003" valency="1"/>
		<Link id="0003" left="002" right=" 004" valency="1"/>
		<Link id="0004" left="002" right=" 018" valency="1"/>
		<Link id="0005" left="004" right=" 005" valency="1"/>
		<Link id="0006" left="004" right=" 007" valency="1"/>
		<Link id="0007" left="004" right=" 011" valency="1"/>
		<Link id="0008" left="005" right=" 006" valency="1"/>
		<Link id="0009" left="007" right=" 008" valency="2"/>
		<Link id="0010" left="007" right=" 009" valency="1"/>
		<Link id="0011" left="009" right=" 010" valency="1"/>
		<Link id="0012" left="011" right=" 012" valency="1"/>
		<Link id="0013" left="011" right=" 013" valency="1"/>
		<Link id="0014" left="011" right=" 014" valency="1"/>
		<Link id="0015" left="014" right=" 015" valency="2"/>
		<Link id="0016" left="014" right=" 016" valency="1"/>
		<Link id="0017" left="016" right=" 017" valency="1"/>
		<Link id="0018" left="018" right=" 019" valency="2"/>
		<Link id="0019" left="018" right=" 020" valency="1"/>
		<Link id="0020" left="020" right=" 021" valency="1"/>
    </Links>  
</Molecule>
 
  <Molecule id ="25" name="Cyclobutane" Formula="C4H8" Infos="Le cyclobutane est un hydrocarbure et plus précisément un alcane cyclique, un cycloalcane de formule brute C4H8, les quatre atomes de carbone étant placés au sommet d’un carré non plat. Un cycle chimique à quatre atomes provoque d’importantes tensions de cycle qui conduisent ce type de molécule à être relativement instable et le cycle à être non plat contrairement aux cycles cyclopropane. On peut cependant l’obtenir par cycloaddition photochimique entre deux molécules d’éthène.">
	<Atoms>
		<Atom id="001" type="C" AtomiqNumber="6" x3="-0,935100" y3="-0,035500" z3="0,096700"/>
		<Atom id="002" type="C" AtomiqNumber="6" x3="-0,868800" y3="1,507200" z3="-0,005400"/>
		<Atom id="003" type="C" AtomiqNumber="6" x3="0,676600" y3="1,437800" z3="-0,052600"/>
		<Atom id="004" type="H" AtomiqNumber="1" x3="-1,332900" y3="1,923900" z3="-0,905000"/>
		<Atom id="005" type="H" AtomiqNumber="1" x3="-1,273300" y3="2,039800" z3="0,861200"/>
		<Atom id="006" type="C" AtomiqNumber="6" x3="0,610100" y3="-0,105200" z3="0,049000"/>
		<Atom id="007" type="H" AtomiqNumber="1" x3="1,120100" y3="1,815400" z3="-0,979100"/>
		<Atom id="008" type="H" AtomiqNumber="1" x3="1,180000" y3="1,927800" z3="0,786800"/>
		<Atom id="009" type="H" AtomiqNumber="1" x3="1,015500" y3="-0,636200" z3="-0,818500"/>
		<Atom id="010" type="H" AtomiqNumber="1" x3="1,073900" y3="-0,524100" z3="0,948000"/>
		<Atom id="011" type="H" AtomiqNumber="1" x3="-1,379400" y3="-0,411800" z3="1,024100"/>
		<Atom id="012" type="H" AtomiqNumber="1" x3="-1,438000" y3="-0,526500" z3="-0,742900"/>
    </Atoms>
    <Links>
		<Link id="0001" left=" 007" right="  003" valency=" 1"/>
		<Link id="0002" left=" 004" right="  002" valency=" 1"/>
		<Link id="0003" left=" 009" right="  006" valency=" 1"/>
		<Link id="0004" left=" 012" right="  001" valency=" 1"/>
		<Link id="0005" left=" 003" right="  002" valency=" 1"/>
		<Link id="0006" left=" 003" right="  006" valency=" 1"/>
		<Link id="0007" left=" 003" right="  008" valency=" 1"/>
		<Link id="0008" left=" 002" right="  001" valency=" 1"/>
		<Link id="0009" left=" 002" right="  005" valency=" 1"/>
		<Link id="0010" left=" 006" right="  001" valency=" 1"/>
		<Link id="0011" left=" 006" right="  010" valency=" 1"/>
		<Link id="0012" left=" 001" right="  011" valency=" 1"/>
    </Links>  
</Molecule>
 
  <Molecule id ="26" name="Cyclohexane" Formula="C6H12" Infos="Le cyclohexane est un hydrocarbure cyclique saturé de la famille des (mono)cycloalcanes de formule brute C6H12. Le cyclohexane est utilisé comme solvant apolaire dans l’industrie chimique, mais aussi comme réactif pour la production industrielle de l’acide adipique et du caprolactame, intermédiaires utilisés dans la production du nylon. La formule topologique du cyclohexane est présentée ci-contre.">
	<Atoms>
		<Atom id="001" type="C" AtomiqNumber="6" x3="-1,646800" y3="0,043900" z3="-0,420000"/>
		<Atom id="002" type="C" AtomiqNumber="6" x3="-0,924300" y3="1,154300" z3="0,351700"/>
		<Atom id="003" type="C" AtomiqNumber="6" x3="0,579900" y3="1,180700" z3="0,033800"/>
		<Atom id="004" type="H" AtomiqNumber="1" x3="-1,376700" y3="2,134900" z3="0,117500"/>
		<Atom id="005" type="H" AtomiqNumber="1" x3="-1,069800" y3="1,000300" z3="1,438400"/>
		<Atom id="006" type="C" AtomiqNumber="6" x3="1,134900" y3="-0,208500" z3="-0,324400"/>
		<Atom id="007" type="H" AtomiqNumber="1" x3="0,775100" y3="1,874200" z3="-0,805100"/>
		<Atom id="008" type="H" AtomiqNumber="1" x3="1,125800" y3="1,593300" z3="0,902300"/>
		<Atom id="009" type="C" AtomiqNumber="6" x3="0,359700" y3="-1,336100" z3="0,368700"/>
		<Atom id="010" type="H" AtomiqNumber="1" x3="1,090600" y3="-0,353600" z3="-1,420900"/>
		<Atom id="011" type="H" AtomiqNumber="1" x3="2,205300" y3="-0,265000" z3="-0,053700"/>
		<Atom id="012" type="C" AtomiqNumber="6" x3="-1,127200" y3="-1,348500" z3="-0,026500"/>
		<Atom id="013" type="H" AtomiqNumber="1" x3="0,819500" y3="-2,311800" z3="0,127800"/>
		<Atom id="014" type="H" AtomiqNumber="1" x3="0,447800" y3="-1,218300" z3="1,466000"/>
		<Atom id="015" type="H" AtomiqNumber="1" x3="-1,292300" y3="-2,047400" z3="-0,867100"/>
		<Atom id="016" type="H" AtomiqNumber="1" x3="-1,722300" y3="-1,745300" z3="0,817200"/>
		<Atom id="017" type="H" AtomiqNumber="1" x3="-2,735700" y3="0,104200" z3="-0,241800"/>
		<Atom id="018" type="H" AtomiqNumber="1" x3="-1,506700" y3="0,199800" z3="-1,507000"/>
    </Atoms>
    <Links>
		<Link id="0001" left=" 018" right="  001" valency=" 1"/>
		<Link id="0002" left=" 010" right="  006" valency=" 1"/>
		<Link id="0003" left=" 015" right="  012" valency=" 1"/>
		<Link id="0004" left=" 007" right="  003" valency=" 1"/>
		<Link id="0005" left=" 001" right="  017" valency=" 1"/>
		<Link id="0006" left=" 001" right="  012" valency=" 1"/>
		<Link id="0007" left=" 001" right="  002" valency=" 1"/>
		<Link id="0008" left=" 006" right="  011" valency=" 1"/>
		<Link id="0009" left=" 006" right="  003" valency=" 1"/>
		<Link id="0010" left=" 006" right="  009" valency=" 1"/>
		<Link id="0011" left=" 012" right="  009" valency=" 1"/>
		<Link id="0012" left=" 012" right="  016" valency=" 1"/>
		<Link id="0013" left=" 003" right="  002" valency=" 1"/>
		<Link id="0014" left=" 003" right="  008" valency=" 1"/>
		<Link id="0015" left=" 004" right="  002" valency=" 1"/>
		<Link id="0016" left=" 013" right="  009" valency=" 1"/>
		<Link id="0017" left=" 002" right="  005" valency=" 1"/>
		<Link id="0018" left=" 009" right="  014" valency=" 1"/>
    </Links>  
</Molecule>
 
  <Molecule id ="27" name="Acetone" Formula="C3H6O" Infos="L’acétone en chimie, (nom officiel IUPAC propanone, aussi connue sous les noms de diméthylcétone, 2-propanone, propan-2-one et béta-cétopropane), de formule chimique CH3COCH3 est le composé le plus simple de la famille des cétones. C’est un isomère du propanal.">
	<Atoms>
		<Atom id="001" type="H" AtomiqNumber="1" x3="1,847235" y3="0,084307" z3="1,237503"/>
		<Atom id="002" type="C" AtomiqNumber="6" x3="1,237688" y3="0,063210" z3="0,324908"/>
		<Atom id="003" type="H" AtomiqNumber="1" x3="1,464366" y3="0,970810" z3="-0,249593"/>
		<Atom id="004" type="H" AtomiqNumber="1" x3="1,561659" y3="-0,798197" z3="-0,273569"/>
		<Atom id="005" type="C" AtomiqNumber="6" x3="-0,237605" y3="-0,022005" z3="0,609231"/>
		<Atom id="006" type="O" AtomiqNumber="8" x3="-0,679587" y3="-0,063197" z3="1,741756"/>
		<Atom id="007" type="C" AtomiqNumber="6" x3="-1,129266" y3="-0,053053" z3="-0,602582"/>
		<Atom id="008" type="H" AtomiqNumber="1" x3="-0,984247" y3="0,851742" z3="-1,207089"/>
		<Atom id="009" type="H" AtomiqNumber="1" x3="-0,885539" y3="-0,917151" z3="-1,234259"/>
		<Atom id="010" type="H" AtomiqNumber="1" x3="-2,194703" y3="-0,116466" z3="-0,346305"/>
    </Atoms>
    <Links>
		<Link id="0001" left="001" right=" 002" valency="1"/>
		<Link id="0002" left="002" right=" 003" valency="1"/>
		<Link id="0003" left="002" right=" 004" valency="1"/>
		<Link id="0004" left="002" right=" 005" valency="1"/>
		<Link id="0005" left="005" right=" 006" valency="2"/>
		<Link id="0006" left="005" right=" 007" valency="1"/>
		<Link id="0007" left="007" right=" 008" valency="1"/>
		<Link id="0008" left="007" right=" 009" valency="1"/>
		<Link id="0009" left="007" right=" 010" valency="1"/>
    </Links>  
</Molecule>
  <Molecule id ="28" name="Cholesterol" Formula="C27H46O" Infos="Le cholestérol est un lipide de la famille des stérols qui joue un rôle central dans de nombreux processus biochimiques. Le cholestérol tire son nom du grec ancien chole- (bile) et de stereos (solide), car il fut découvert sous forme solide dans les calculs biliaires en 1758 par François Poulletier de la Salle. Mais ce n’est qu’en 1814 que le chimiste français Eugène Chevreul lui donna le nom de cholestérine.">
    <Atoms>
      <Atom id="001" type="C" AtomiqNumber="6" x3="30,268100" y3="-52,052500" z3="-0,166600"/>
      <Atom id="002" type="C" AtomiqNumber="6" x3="30,020500" y3="-50,566200" z3="-0,436500"/>
      <Atom id="003" type="C" AtomiqNumber="6" x3="31,336700" y3="-49,870500" z3="-0,781700"/>
      <Atom id="004" type="C" AtomiqNumber="6" x3="31,299900" y3="-52,264400" z3="0,950900"/>
      <Atom id="005" type="C" AtomiqNumber="6" x3="32,575900" y3="-51,510400" z3="0,683800"/>
      <Atom id="006" type="C" AtomiqNumber="6" x3="33,759200" y3="-52,116900" z3="0,849300"/>
      <Atom id="007" type="C" AtomiqNumber="6" x3="35,083900" y3="-51,448700" z3="0,662200"/>
      <Atom id="008" type="C" AtomiqNumber="6" x3="34,972700" y3="-49,912400" z3="0,618800"/>
      <Atom id="009" type="C" AtomiqNumber="6" x3="36,258000" y3="-49,288500" z3="0,061900"/>
      <Atom id="010" type="C" AtomiqNumber="6" x3="37,584500" y3="-49,569400" z3="0,784900"/>
      <Atom id="011" type="C" AtomiqNumber="6" x3="38,508700" y3="-48,406700" z3="0,354100"/>
      <Atom id="012" type="C" AtomiqNumber="6" x3="37,637200" y3="-47,369100" z3="-0,413600"/>
      <Atom id="013" type="C" AtomiqNumber="6" x3="38,084600" y3="-45,908100" z3="-0,176000"/>
      <Atom id="014" type="C" AtomiqNumber="6" x3="39,584000" y3="-45,733700" z3="-0,513800"/>
      <Atom id="015" type="C" AtomiqNumber="6" x3="40,115100" y3="-44,353100" z3="-0,103000"/>
      <Atom id="016" type="C" AtomiqNumber="6" x3="41,642800" y3="-44,279500" z3="-0,219000"/>
      <Atom id="017" type="C" AtomiqNumber="6" x3="42,186100" y3="-42,867600" z3="0,088400"/>
      <Atom id="018" type="C" AtomiqNumber="6" x3="42,019500" y3="-42,510600" z3="1,571400"/>
      <Atom id="019" type="C" AtomiqNumber="6" x3="43,663800" y3="-42,774000" z3="-0,318000"/>
      <Atom id="020" type="C" AtomiqNumber="6" x3="37,241300" y3="-44,940300" z3="-1,017700"/>
      <Atom id="021" type="C" AtomiqNumber="6" x3="36,177200" y3="-47,726400" z3="0,026700"/>
      <Atom id="022" type="C" AtomiqNumber="6" x3="35,853100" y3="-47,114700" z3="1,398300"/>
      <Atom id="023" type="C" AtomiqNumber="6" x3="35,073100" y3="-47,371300" z3="-0,987300"/>
      <Atom id="024" type="C" AtomiqNumber="6" x3="33,729200" y3="-47,986300" z3="-0,564300"/>
      <Atom id="025" type="C" AtomiqNumber="6" x3="33,783000" y3="-49,506200" z3="-0,294100"/>
      <Atom id="026" type="C" AtomiqNumber="6" x3="32,434900" y3="-50,037300" z3="0,305200"/>
      <Atom id="027" type="C" AtomiqNumber="6" x3="32,049000" y3="-49,267500" z3="1,582300"/>
      <Atom id="028" type="O" AtomiqNumber="8" x3="28,979400" y3="-52,547700" z3="0,261500"/>
      <Atom id="029" type="H" AtomiqNumber="1" x3="30,556300" y3="-52,600500" z3="-1,089400"/>
      <Atom id="030" type="H" AtomiqNumber="1" x3="29,286400" y3="-50,451100" z3="-1,256600"/>
      <Atom id="031" type="H" AtomiqNumber="1" x3="29,541900" y3="-50,103700" z3="0,450100"/>
      <Atom id="032" type="H" AtomiqNumber="1" x3="31,717000" y3="-50,264800" z3="-1,744700"/>
      <Atom id="033" type="H" AtomiqNumber="1" x3="31,144800" y3="-48,793300" z3="-0,948400"/>
      <Atom id="034" type="H" AtomiqNumber="1" x3="30,869200" y3="-51,916700" z3="1,915800"/>
      <Atom id="035" type="H" AtomiqNumber="1" x3="31,493000" y3="-53,344700" z3="1,090400"/>
      <Atom id="036" type="H" AtomiqNumber="1" x3="33,824600" y3="-53,167100" z3="1,131000"/>
      <Atom id="037" type="H" AtomiqNumber="1" x3="35,775200" y3="-51,745100" z3="1,476600"/>
      <Atom id="038" type="H" AtomiqNumber="1" x3="35,546100" y3="-51,828800" z3="-0,273600"/>
      <Atom id="039" type="H" AtomiqNumber="1" x3="34,786300" y3="-49,537800" z3="1,653000"/>
      <Atom id="040" type="H" AtomiqNumber="1" x3="36,373300" y3="-49,649000" z3="-0,993100"/>
      <Atom id="041" type="H" AtomiqNumber="1" x3="37,450700" y3="-49,585000" z3="1,879000"/>
      <Atom id="042" type="H" AtomiqNumber="1" x3="38,002000" y3="-50,548400" z3="0,507100"/>
      <Atom id="043" type="H" AtomiqNumber="1" x3="38,985900" y3="-47,949500" z3="1,236600"/>
      <Atom id="044" type="H" AtomiqNumber="1" x3="39,324700" y3="-48,770700" z3="-0,289700"/>
      <Atom id="045" type="H" AtomiqNumber="1" x3="37,727300" y3="-47,576100" z3="-1,505800"/>
      <Atom id="046" type="H" AtomiqNumber="1" x3="37,943600" y3="-45,657500" z3="0,903600"/>
      <Atom id="047" type="H" AtomiqNumber="1" x3="40,177600" y3="-46,515900" z3="-0,003600"/>
      <Atom id="048" type="H" AtomiqNumber="1" x3="39,745600" y3="-45,893700" z3="-1,595600"/>
      <Atom id="049" type="H" AtomiqNumber="1" x3="39,652600" y3="-43,569800" z3="-0,734300"/>
      <Atom id="050" type="H" AtomiqNumber="1" x3="39,807100" y3="-44,123500" z3="0,935800"/>
      <Atom id="051" type="H" AtomiqNumber="1" x3="42,110000" y3="-45,016800" z3="0,460400"/>
      <Atom id="052" type="H" AtomiqNumber="1" x3="41,951500" y3="-44,577400" z3="-1,239700"/>
      <Atom id="053" type="H" AtomiqNumber="1" x3="41,609600" y3="-42,126100" z3="-0,519500"/>
      <Atom id="054" type="H" AtomiqNumber="1" x3="40,964700" y3="-42,511900" z3="1,866500"/>
      <Atom id="055" type="H" AtomiqNumber="1" x3="42,540700" y3="-43,223700" z3="2,219200"/>
      <Atom id="056" type="H" AtomiqNumber="1" x3="42,422400" y3="-41,515900" z3="1,788700"/>
      <Atom id="057" type="H" AtomiqNumber="1" x3="43,804300" y3="-42,999700" z3="-1,380100"/>
      <Atom id="058" type="H" AtomiqNumber="1" x3="44,058500" y3="-41,767800" z3="-0,141700"/>
      <Atom id="059" type="H" AtomiqNumber="1" x3="44,284300" y3="-43,472800" z3="0,253300"/>
      <Atom id="060" type="H" AtomiqNumber="1" x3="36,167600" y3="-45,057200" z3="-0,813200"/>
      <Atom id="061" type="H" AtomiqNumber="1" x3="37,504200" y3="-43,898300" z3="-0,807200"/>
      <Atom id="062" type="H" AtomiqNumber="1" x3="37,389300" y3="-45,105500" z3="-2,090100"/>
      <Atom id="063" type="H" AtomiqNumber="1" x3="34,918600" y3="-47,517200" z3="1,806700"/>
      <Atom id="064" type="H" AtomiqNumber="1" x3="36,642100" y3="-47,325900" z3="2,127600"/>
      <Atom id="065" type="H" AtomiqNumber="1" x3="35,741100" y3="-46,028000" z3="1,333600"/>
      <Atom id="066" type="H" AtomiqNumber="1" x3="34,972000" y3="-46,269900" z3="-1,071300"/>
      <Atom id="067" type="H" AtomiqNumber="1" x3="35,353100" y3="-47,724200" z3="-1,996400"/>
      <Atom id="068" type="H" AtomiqNumber="1" x3="33,362100" y3="-47,460600" z3="0,341300"/>
      <Atom id="069" type="H" AtomiqNumber="1" x3="32,979400" y3="-47,784300" z3="-1,353000"/>
      <Atom id="070" type="H" AtomiqNumber="1" x3="33,934100" y3="-50,016900" z3="-1,278000"/>
      <Atom id="071" type="H" AtomiqNumber="1" x3="31,085200" y3="-49,606700" z3="1,977200"/>
      <Atom id="072" type="H" AtomiqNumber="1" x3="32,798900" y3="-49,410700" z3="2,369000"/>
      <Atom id="073" type="H" AtomiqNumber="1" x3="31,966900" y3="-48,191100" z3="1,394600"/>
      <Atom id="074" type="H" AtomiqNumber="1" x3="29,016500" y3="-53,499500" z3="0,454300"/>
    </Atoms>
    <Links>
      <Link id="0001" left=" 062" right="  020" valency=" 1"/>
      <Link id="0002" left=" 067" right="  023" valency=" 1"/>
      <Link id="0003" left=" 032" right="  003" valency=" 1"/>
      <Link id="0004" left=" 048" right="  014" valency=" 1"/>
      <Link id="0005" left=" 045" right="  012" valency=" 1"/>
      <Link id="0006" left=" 057" right="  019" valency=" 1"/>
      <Link id="0007" left=" 069" right="  024" valency=" 1"/>
      <Link id="0008" left=" 070" right="  025" valency=" 1"/>
      <Link id="0009" left=" 030" right="  002" valency=" 1"/>
      <Link id="0010" left=" 052" right="  016" valency=" 1"/>
      <Link id="0011" left=" 029" right="  001" valency=" 1"/>
      <Link id="0012" left=" 066" right="  023" valency=" 1"/>
      <Link id="0013" left=" 020" right="  060" valency=" 1"/>
      <Link id="0014" left=" 020" right="  061" valency=" 1"/>
      <Link id="0015" left=" 020" right="  013" valency=" 1"/>
      <Link id="0016" left=" 040" right="  009" valency=" 1"/>
      <Link id="0017" left=" 023" right="  024" valency=" 1"/>
      <Link id="0018" left=" 023" right="  021" valency=" 1"/>
      <Link id="0019" left=" 033" right="  003" valency=" 1"/>
      <Link id="0020" left=" 003" right="  002" valency=" 1"/>
      <Link id="0021" left=" 003" right="  026" valency=" 1"/>
      <Link id="0022" left=" 049" right="  015" valency=" 1"/>
      <Link id="0023" left=" 024" right="  025" valency=" 1"/>
      <Link id="0024" left=" 024" right="  068" valency=" 1"/>
      <Link id="0025" left=" 053" right="  017" valency=" 1"/>
      <Link id="0026" left=" 014" right="  013" valency=" 1"/>
      <Link id="0027" left=" 014" right="  015" valency=" 1"/>
      <Link id="0028" left=" 014" right="  047" valency=" 1"/>
      <Link id="0029" left=" 002" right="  001" valency=" 1"/>
      <Link id="0030" left=" 002" right="  031" valency=" 1"/>
      <Link id="0031" left=" 012" right="  013" valency=" 1"/>
      <Link id="0032" left=" 012" right="  021" valency=" 1"/>
      <Link id="0033" left=" 012" right="  011" valency=" 1"/>
      <Link id="0034" left=" 019" right="  058" valency=" 1"/>
      <Link id="0035" left=" 019" right="  017" valency=" 1"/>
      <Link id="0036" left=" 019" right="  059" valency=" 1"/>
      <Link id="0037" left=" 025" right="  026" valency=" 1"/>
      <Link id="0038" left=" 025" right="  008" valency=" 1"/>
      <Link id="0039" left=" 044" right="  011" valency=" 1"/>
      <Link id="0040" left=" 038" right="  007" valency=" 1"/>
      <Link id="0041" left=" 016" right="  015" valency=" 1"/>
      <Link id="0042" left=" 016" right="  017" valency=" 1"/>
      <Link id="0043" left=" 016" right="  051" valency=" 1"/>
      <Link id="0044" left=" 013" right="  046" valency=" 1"/>
      <Link id="0045" left=" 001" right="  028" valency=" 1"/>
      <Link id="0046" left=" 001" right="  004" valency=" 1"/>
      <Link id="0047" left=" 015" right="  050" valency=" 1"/>
      <Link id="0048" left=" 021" right="  009" valency=" 1"/>
      <Link id="0049" left=" 021" right="  022" valency=" 1"/>
      <Link id="0050" left=" 009" right="  008" valency=" 1"/>
      <Link id="0051" left=" 009" right="  010" valency=" 1"/>
      <Link id="0052" left=" 017" right="  018" valency=" 1"/>
      <Link id="0053" left=" 028" right="  074" valency=" 1"/>
      <Link id="0054" left=" 026" right="  005" valency=" 1"/>
      <Link id="0055" left=" 026" right="  027" valency=" 1"/>
      <Link id="0056" left=" 011" right="  010" valency=" 1"/>
      <Link id="0057" left=" 011" right="  043" valency=" 1"/>
      <Link id="0058" left=" 042" right="  010" valency=" 1"/>
      <Link id="0059" left=" 008" right="  007" valency=" 1"/>
      <Link id="0060" left=" 008" right="  039" valency=" 1"/>
      <Link id="0061" left=" 007" right="  006" valency=" 1"/>
      <Link id="0062" left=" 007" right="  037" valency=" 1"/>
      <Link id="0063" left=" 005" right="  006" valency=" 2"/>
      <Link id="0064" left=" 005" right="  004" valency=" 1"/>
      <Link id="0065" left=" 010" right="  041" valency=" 1"/>
      <Link id="0066" left=" 006" right="  036" valency=" 1"/>
      <Link id="0067" left=" 004" right="  035" valency=" 1"/>
      <Link id="0068" left=" 004" right="  034" valency=" 1"/>
      <Link id="0069" left=" 065" right="  022" valency=" 1"/>
      <Link id="0070" left=" 073" right="  027" valency=" 1"/>
      <Link id="0071" left=" 022" right="  063" valency=" 1"/>
      <Link id="0072" left=" 022" right="  064" valency=" 1"/>
      <Link id="0073" left=" 018" right="  056" valency=" 1"/>
      <Link id="0074" left=" 018" right="  054" valency=" 1"/>
      <Link id="0075" left=" 018" right="  055" valency=" 1"/>
      <Link id="0076" left=" 027" right="  071" valency=" 1"/>
      <Link id="0077" left=" 027" right="  072" valency=" 1"/>
    </Links>
  </Molecule>
</Molecules>