﻿<?xml version="1.0" encoding="utf-8" ?>
<Exercises>
  <Exercise id="1001" type="QCM" moleculeID="01" text="Combien d'atomes d'hydrogène y'a t'il dans l'eau ?" levelRequired="0" xp ="20" theme="Compter les atomes">
    <Choices>
      <Choice id="01" text="Reponse A : 0" res="0"/>
      <Choice id="02" text="Reponse B : 1" res="0"/>
      <Choice id="03" text="Reponse C : 2" res="1"/>
      <Choice id="04" text="Reponse D : 3" res="0"/>
    </Choices>
  </Exercise>
  <Exercise id="1002" type="QCM" moleculeID="16" text="Combien d'atomes d'hydrogène composent l'ethanamine ?" levelRequired="1" xp ="40" theme="L'éthanamine dans tout ses états">
    <Choices>
      <Choice id="01" text="Reponse A : 1" res="0"/>
      <Choice id="02" text="Reponse B : 2" res="0"/>
      <Choice id="03" text="Reponse C : 7" res="1"/>
      <Choice id="04" text="Reponse D : 0" res="0"/>
    </Choices>
  </Exercise>
  <Exercise id="1003" type="QCM" moleculeID="02" text="Combien d'atomes d'oxygene y'a t'il dans le glucose ?" levelRequired="2" xp ="60" theme="Compter les atomes">
    <Choices>
      <Choice id="01" text="Reponse A : 2" res="0"/>
      <Choice id="02" text="Reponse B : 4" res="0"/>
      <Choice id="03" text="Reponse C : 6" res="1"/>
      <Choice id="04" text="Reponse D : 8" res="0"/>
    </Choices>
  </Exercise>
  <Exercise id="1004" type="QCM" moleculeID="06" text="Combien d'atomes d'oxygene y'a t'il dans le propane ?" levelRequired="3" xp ="80" theme="Compter les atomes">
    <Choices>
      <Choice id="01" text="Reponse A : 0" res="1"/>
      <Choice id="02" text="Reponse B : 1" res="0"/>
      <Choice id="03" text="Reponse C : 2" res="0"/>
      <Choice id="04" text="Reponse D : 3" res="0"/>
    </Choices>
  </Exercise>
  <Exercise id="1005" type="QCM" moleculeID="18" text="Combien y'a t'il de valance double dans le Benzene ?" levelRequired="4" xp ="120" theme="Compter les valences">
    <Choices>
      <Choice id="01" text="Reponse A : 0" res="0"/>
      <Choice id="02" text="Reponse B : 1" res="0"/>
      <Choice id="03" text="Reponse C : 2" res="0"/>
      <Choice id="04" text="Reponse D : 3" res="1"/>
    </Choices>
  </Exercise>
  <Exercise id="1006" type="QCM" moleculeID="00" text="Combien d'atomes de chaque sorte y a-t-il dans 2 Cu(NO3)2 ?" levelRequired="5" xp ="140" theme="Compter les atomes">
    <Choices>
      <Choice id="01" text="2 atomes de cuivre, 2 atomes d'azote et 6 atomes d'oxygène" res="0"/>
      <Choice id="02" text="2 atomes de cuivre, 4 atomes de nitrate" res="0"/>
      <Choice id="03" text="2 atomes de cuivre, 4 atomes d'azote et 12 atomes d'oxygène" res="1"/>
      <Choice id="04" text="2 atomes de cuivre, 12 atomes d'azote et 12 atomes d'oxygène" res="0"/>
    </Choices>
  </Exercise>
  <Exercise id="1007" type="QCM" moleculeID="00" text="Combien d'atomes y a-t-il au total dans 3 (NH4)2 S ?" levelRequired="6" xp ="160" theme="Compter les atomes">
    <Choices>
      <Choice id="01" text="Reponse A : 3" res="0"/>
      <Choice id="02" text="Reponse B : 23" res="0"/>
      <Choice id="03" text="Reponse C : 30" res="0"/>
      <Choice id="04" text="Reponse D : 33" res="1"/>   
    </Choices>
  </Exercise>
  <Exercise id="1008" type="QCM" moleculeID="18" text="Pourquoi le benzene (composé aromatique) à des valences II entre ces atomes ?" levelRequired="7" xp ="180" theme="Les valences du benzene">
    <Choices>
      <Choice id="01" text="Car un atome de carbone doit toujours avoir au moins une liaison double" res="0"/>
      <Choice id="02" text="Car un atome de carbone doit toujours avoir une et une seul liaison double" res="0"/>
      <Choice id="03" text="Car un composé aromatique doit avoir des valances II" res="0"/>
      <Choice id="04" text="Car un atome de carbone C est tétravalent, et doit donc former 4 liaisons chimiques pour être stable" res="1"/>
    </Choices>
  </Exercise>
    <Exercise id="1009" type="QCM" moleculeID="00" text="Le nombre atomique du calcium est 20, cela signifie qu'il a toujours ?" levelRequired="8" xp ="200" theme="Les numéros atomiques">
    <Choices>
      <Choice id="01" text="Reponse A : 20 protons." res="1"/>
      <Choice id="02" text="Reponse B : 20 neutrons." res="0"/>
      <Choice id="03" text="Reponse C : 20 éléctrons." res="0"/>
      <Choice id="04" text="Reponse D : 10 protons et 10 neutrons." res="0"/>
    </Choices>
  </Exercise>
    <Exercise id="1010" type="QCM" moleculeID="00" text="Le nombre ou numéro atomique d'un élément est determiné par :" levelRequired="9" xp ="220" theme="Les numéros atomiques">
    <Choices>
      <Choice id="01" text="Reponse A : La première personne qui a fait le tableau." res="0"/>
      <Choice id="02" text="Reponse B : Le nombre de neutrons par atomes." res="0"/>
      <Choice id="03" text="Reponse C : Le nombre de couches électronique." res="0"/>
      <Choice id="04" text="Reponse D : Le nombre de protons par atome" res="1"/>
    </Choices>
  </Exercise>
    <Exercise id="1011" type="QCM" moleculeID="13" text="Les composés de formule générale CnH2n sont des  :" levelRequired="12" xp ="240" theme="Les formules générales">
    <Choices>
      <Choice id="01" text="Reponse A : alcynes" res="0"/>
      <Choice id="02" text="Reponse B : alcanes" res="0"/>
      <Choice id="03" text="Reponse C : alcènes " res="1"/>
      <Choice id="04" text="Reponse D : hydrocarbures" res="0"/>
    </Choices>
  </Exercise>
    <Exercise id="1012" type="QCM" moleculeID="23" text="La formule générale d'un acide carboxylique est :" levelRequired="13" xp ="260" theme="Acide carboxylique">
    <Choices>
      <Choice id="01" text="Reponse A : C n H 2n+2 O2" res="0"/>
      <Choice id="02" text="Reponse B : C n H 2n O2" res="1"/>
      <Choice id="03" text="Reponse C : C n H 2n+1 O " res="0"/>
      <Choice id="04" text="Reponse D : C n H 2n O" res="0"/>
    </Choices>
  </Exercise>
  <Exercise id="1013" type="QCM" moleculeID="22" text="Cette molécule est l'acide ?" levelRequired="14" xp ="300" theme="Devinez la molécule">
    <Choices>
      <Choice id="01" text="Reponse A : Acide Acetique" res="1"/>
      <Choice id="02" text="Reponse B : Acide Butanoique" res="0"/>
      <Choice id="03" text="Reponse C : Acide Citrique" res="0"/>
      <Choice id="04" text="Reponse D : Une autre acide" res="0"/>      
    </Choices>
  </Exercise>
  <Exercise id="1014" type="QCM" moleculeID="00" text="HCOOH est l'acide ?" levelRequired="15" xp ="340" theme="Les acides">
    <Choices>
      <Choice id="01" text="Reponse A : Valérique" res="0"/>
      <Choice id="02" text="Reponse B : Acétique" res="0"/>
      <Choice id="03" text="Reponse C : Formique" res="1"/>
      <Choice id="04" text="Reponse D : Citrique" res="0"/>
    </Choices>
  </Exercise>
  <Exercise id="1015" type="QCM" moleculeID="00" text="L'acide formique est le plus simple des acides carboxyliques, quel est son autre nom" levelRequired="16" xp ="380" theme="L'acide formique !">
    <Choices>
      <Choice id="01" text="Reponse A : Acide valérique" res="0"/>
      <Choice id="02" text="Reponse B : Acide acétique" res="0"/>
      <Choice id="03" text="Reponse C : Acide citrique" res="0"/>
      <Choice id="04" text="Reponse D : Acide méthanoïque" res="1"/>
    </Choices>
  </Exercise>
</Exercises>